distance_to_candidate,remaining_capacity_ratio,candidate_demand_ratio,dist_candidate_to_depot,urgency_score,shap_distance_to_candidate,shap_remaining_capacity_ratio,shap_candidate_demand_ratio,shap_dist_candidate_to_depot,shap_urgency_score
0.3749225888163603,0.8552569143561763,0.1465243992703772,0.102566018855403,0.2511663180292229,0.009153685288620182,-0.012595331038573932,0.004203597312589409,0.021167912033215542,-0.009868432587591087
0.3086668617179928,0.3950226850928596,0.3541978134513569,0.4121814173403437,0.5513290267709459,0.0073131049806761435,0.005916813053936494,-0.021018417375380523,-0.0038215537124779075,-0.005341815013234736
0.0094000074621113,0.5082640069217188,0.3986047516503684,0.5721776314782151,0.5381995210029337,0.07719909743940662,-0.015233988425752614,0.005498535705046379,0.005857561671327858,0.004936362213047687
0.4820798964717517,1.0,0.398634763520221,0.4820798964717517,0.2345516582323472,-0.02166222797921364,-0.00410682524801814,-0.004275355386525916,-0.013318321917886351,0.005251347979628918
0.3548983253862851,0.1832683824607423,0.2907490101355187,0.4881280894824193,1.0,0.004325050094121252,-0.03213103026721001,-0.056562901021479775,0.0007418144449002285,-0.010041402486313017
0.4598214077669308,0.695754656189898,0.2081656871073396,0.1924265943959444,0.3130233776908417,-0.011572893720331195,0.0020994109501407364,-0.007170941978620249,0.0017320963980455416,-0.007245620218818658
0.1588146447984277,1.0,0.3426681742685666,0.1588146447984277,0.2691813771032402,0.05159375185245153,0.007551397472707322,-0.009671646042261273,0.018562469320931994,-0.003075930590966891
0.2433060907617145,0.5312513663784835,0.3466632847142871,0.3813245658835153,0.507940204351041,0.010674974049288721,-0.004595162938858266,-0.016778576432006958,-0.0012193180979738827,0.011605919977628219
0.3253818074971508,1.0,0.1362441985424717,0.3253818074971508,0.2292855964621748,-0.0005956307081214618,-0.01424606994689384,0.0010936244657204952,-0.004850331331963389,-0.01679228052869803
0.5434198169515744,0.3430704540825787,0.3992555094824553,0.3213693568778553,0.8136205503800087,-0.012491740411169303,-0.0017834777005009527,0.04267186674383993,-0.009734500755512273,-0.014231694438658451
0.3137196090770408,0.8062851920800052,0.3113282725263445,0.0881800281464831,0.3328619651411099,0.004808725996372232,-0.0007989530009945156,-0.014609922827003175,0.026029364109672316,-0.011370481599951745
0.567594220810916,1.0,0.1062709898817605,0.567594220810916,0.2264124923326894,-0.03970946846206061,-0.01269940991034673,-0.03234414783111788,-0.010196842839995952,-0.0055197704957026875
0.3104129560107236,1.0,0.2990939202191091,0.3104129560107236,0.2856493375690555,0.003963271505854209,0.00013489662847860018,-0.0087476621046153,-0.004181888443454227,-0.007462071303889388
0.2351094975389195,0.1096592552713503,0.1018913370638287,0.4300233205762284,1.0,0.005604095889248128,0.06578534200732974,0.12012918398551847,0.001109492889172543,0.0772264215992982
0.3548267043309277,0.7456109484387496,0.2012325829215723,0.6366696508253339,0.2891596372692648,0.006043100922906888,-0.007734492900490295,-0.0013295934083726025,-0.0002971466193775996,-0.008465025091463758
0.0228694515024367,1.0,0.1169278372378783,0.0228694515024367,0.2226663297280148,0.010669676801917376,-0.00890016734298115,0.00017619640631892254,0.02731829360283882,-0.010590587197511922
0.7434278879020124,1.0,0.2594468344247365,0.7434278879020124,0.2264124923326894,-0.05117414918819122,0.0005856835909980873,-0.008634687699486675,-0.002061420227000781,-0.0004525355261648656
0.4477878750802936,0.8005578653953563,0.2332173282813302,0.4012029190021021,0.3058798599757483,0.018611457419610816,0.0037617869017412884,-0.004120906598545844,-0.0027486781861443886,0.0002958925284110592
0.5591139856668539,0.4897730539658278,0.3090181915493051,0.384354160978702,0.5585187728342985,-0.04451104225052404,-0.0035592756935511716,-0.013879776730282173,-0.006758891062472685,-0.013440699740258424
0.2310974312984413,0.4175734961424242,0.2840402472080104,0.243715894276858,0.6427172126086979,0.011116404190870526,-0.0011712013209398719,-0.01635374297760791,0.0020257496697377066,-0.0068717751063377365
0.4524139531720905,1.0,0.2788300290105941,0.4524139531720905,0.2148117301478753,-0.014666612616965722,-0.0003801600263614091,-0.004046122837644361,-0.008942095202091877,0.008121247454182594
0.4276114889541281,0.1335332489344138,0.1720638546542428,0.4533096134400329,1.0,0.025772409685450838,0.02306995466937224,0.07413050042476244,0.008383605691342381,0.05362532230435136
0.3275183166733751,0.4949598500061163,0.1758305188940914,0.3675340027783045,0.530388859937155,0.007527542735442694,-0.003760632169633027,0.007499675760100217,0.0027547264516397264,-0.0019684502697418795
0.2281128996804556,0.2237725171896391,0.267526198414527,0.1958265728499471,0.9950566429000448,0.025498965831648093,-0.046294279389840085,-0.030634350082636957,-0.0011005512293195351,0.001692387793736998
0.196136512570166,1.0,0.1798205701848238,0.196136512570166,0.2148117301478753,0.019243271459345124,-0.0020169712098140734,0.0045138429556391205,0.0011255741262357333,-0.0015316398944560205
0.1690958422464503,0.6307124287458717,0.1791012296890337,0.4828079483180979,0.3538519987831473,0.02135583676339593,-0.0059074762265663595,0.007115389972477714,0.0023022529978698,-0.01135615439950925
0.1547491702905729,0.8862349871755131,0.2370121049187,0.3010030223407405,0.268166708727693,0.034284472261824704,-0.005325172751472564,-0.003901082122756634,-0.0031109613146691117,-0.01279907241161709
0.1146062360920163,0.7499828207889345,0.1250292104575899,0.1940164418036991,0.2442212309154907,0.045252963869133966,-0.006656674161058617,-0.0007944278267314075,0.005509226558078808,-0.02237249750380215
0.2735212355011671,0.3023751908264392,0.3847850517174536,0.3184769786779378,0.8394371986611927,0.00030132089385006113,-0.0024127241645328468,-0.05967928982485318,0.003908294812026725,0.00011651374643406598
0.4633621353210053,0.6582972960034799,0.3627894515111918,0.5162688439126432,0.3964612909882135,-0.014181610675186675,0.0019120408553499146,-0.017374339585403506,-0.002909284684610611,-0.0065209852454427165
0.4184573298912767,0.7569588920129772,0.3637903740639582,0.4531852505083857,0.3284168790919032,0.008117499486615998,0.0009733400409459136,-0.019203082224812533,-0.009721663460768469,-0.00410188663725421
0.0865422652189909,0.683109025949465,0.1182516146776041,0.5590086021184678,0.2883132316408017,0.063041992801991,-0.007306962704024045,-0.0035022179137922647,-0.001358014679790358,-0.019388036833770456
0.1928984355562039,0.8589248316192734,0.3745311963073322,0.2777773281891794,0.2955147805582364,0.013397676862477965,-0.005292008428987174,-0.024658733185242455,-0.002121472477883799,-0.0036102479220426176
0.352720395105197,0.5091378112150298,0.3005043711695708,0.1667378036794028,0.5285291684912425,-0.0015291554981740774,-0.005794523014119477,-0.009972840841201105,0.004253960057649237,0.005453253683881485
0.1332200455449692,0.8329692054235595,0.2609493679701464,0.5551016015681801,0.2364425594033131,0.04408463381758338,-0.0034990082908552722,-0.005475961054671643,-0.005060372202606232,-0.009124117188530362
0.4753649493561259,0.8899935983696785,0.2788300290105941,0.4524139531720905,0.2413632306360124,0.004635393504795502,-0.0046351989750473875,-0.0012975504487985744,-0.012188634164340328,0.006276208557919744
0.2525028275703944,0.4397135203498378,0.1385850079228323,0.2061071580978494,0.4928192595714595,0.005818849465031235,-0.0008099101602419978,0.015763738855712292,0.006166596027505875,0.0005114427407534094
0.1892116443502833,0.683109025949465,0.2704721143127176,0.6552621996903102,0.2883132316408017,0.033094991067773666,7.91751301221666e-05,0.003344330377949518,0.010997285179291794,-0.0076044204911886485
0.4494690658814417,1.0,0.3995641322427996,0.4494690658814417,0.2448745277696155,0.02425926695457747,-0.0024654030699821305,0.17185248875877732,0.011073094071161905,-0.012119150474263733
0.3205525128633326,0.3977967659466077,0.3358731348573748,0.1610340205382188,0.615576969779796,-0.004694496285774221,-0.0021090256406750994,-0.019305670429657765,0.003844867907828302,-0.012298805652972079
0.633130072185649,1.0,0.3843304342063526,0.633130072185649,0.299434965741659,-0.06127199673584983,-0.004028372506763844,-0.014715963395756261,-0.00884225629248249,-0.019057185462443157
0.6366477485829883,0.3370834072441198,0.3627894515111918,0.5162688439126432,0.7742576176067251,-0.048700435649880094,-0.013276626335209585,-0.028644563101770472,-0.003261134476015286,-0.013626312159340159
0.2280914553630644,0.752406608068227,0.379662117647771,0.4090572267932545,0.3576446314045794,0.030152521935960977,0.0008896261478366796,-0.021552253679401473,-0.0055600928466810725,-8.18174157757312e-09
0.5575734939323931,1.0,0.3147253859247889,0.5575734939323931,0.2623320554147072,-0.050181447362483596,-0.004101961469932576,-0.005415579623040685,-0.014757963495867443,-0.020536048977373867
0.5287187572040978,0.8793855420339314,0.3354161751807093,0.7428029853918902,0.2670801868290113,-0.05914485582856287,-0.0062353491586327435,-0.01401866910095123,0.0021219491043120795,-0.017113993551320164
0.3175352669825713,0.4597630441839822,0.1875395806893647,0.0718802075178329,0.516915664876891,0.0035075845463506993,-0.012582198569598404,0.0015631640310130024,0.021090966155352362,-0.009933359361020848
0.4108899668993664,1.0,0.2477724160906037,0.4108899668993664,0.2248779692931995,-0.000389661233566585,-0.0007280102460936178,0.002638740767724812,-0.01316243550136278,0.0012974176536408777
0.4960927946247738,0.2451879720455028,0.2083296346272195,0.2679115522840253,1.0,-0.011854154433422082,-0.017656737043762406,-0.005540858676176867,-0.00681939203710499,0.02646243111576041
0.4982943188198061,0.6978626116254767,0.1728974674234519,0.5297690115393784,0.3222381677238861,-0.029642171956438687,0.0002466156334412517,0.008772967966542637,-0.008834748518056585,-0.01127034542219917
0.494019214363209,0.4903871998506178,0.2506481980882974,0.4021551165024803,0.4825918047732097,-0.021973601006211537,-0.0026339610443210405,-0.008911246234110876,-0.00419980187965848,-0.0052654069055279255
0.3458513993192909,0.5949670041310888,0.1292261378534848,0.1699436501938709,0.3947554288395559,0.006018383536393231,-0.004836094761158165,0.01711517767416808,0.005639462089566223,-0.0028244582126353635
0.5005476644800178,0.683109025949465,0.2591687809700816,0.0235573117535441,0.2883132316408017,-0.00543657835230988,0.01918194651712838,0.0001511475077313662,0.10945761001908977,0.0017399795057644952
0.0909009867358785,0.8862349871755131,0.1875395806893647,0.0718802075178329,0.268166708727693,0.04600248290738818,-0.00739406401575252,0.003002484008502506,0.015265634428724298,-0.008097610359473038
0.5158053199968722,1.0,0.1471534215944079,0.5158053199968722,0.2690941840089309,-0.03421861522623658,-0.013564456577842065,0.0036480968000796566,-0.0061764196522563,-0.019446588671671636
0.390406716529158,0.3332562577358891,0.3207467445377564,0.2992308307743608,0.8097190115298968,-0.0016098091826279414,-0.008562024669354287,-0.019205285715270293,-0.005677087357762503,-0.009853597085020737
0.4665056116643366,0.6063517980295272,0.3295908914375003,0.2371532314944529,0.4186100939369678,-0.007589671764617378,0.005101284999036579,-0.004349076499347575,0.008105765661057376,-0.001037727379152784
0.5887204996816529,1.0,0.1753350594448058,0.5887204996816529,0.2623320554147072,-0.060769756685913306,-0.014184353345954151,0.000525349970193929,-0.00734215605094505,-0.02222474460282683
0.3365828936545527,0.7227645385449933,0.3575225294126832,0.2832969751124053,0.3721206317518571,0.0006542224291843013,-0.0008741534785804106,-0.021620570357263204,0.003172310339468822,0.002486789392569335
0.2764794048454668,1.0,0.3281955674720017,0.2764794048454668,0.2691813771032402,0.008124829220250832,0.0005929782379462267,-0.013783651731973805,-0.004118784688107553,-0.012740100478549721
0.4894995586499233,0.6036851513358754,0.2476189914361724,0.5093872913789715,0.4623754138264147,-0.027497658452011818,-0.0006481661525322125,-0.00181396039430183,-0.005305673111106444,-0.008226033868195372
0.1690960357454715,0.1272382012430578,0.1841911468913936,0.29541383356219,1.0,0.0044699135200426095,-0.02543799038627185,0.03225275301132569,-0.021301841467429767,0.028743283777066607
0.3680322697065739,1.0,0.11928566869627,0.3680322697065739,0.242584783686062,-0.00662482798070414,-0.013462777442618971,-0.009070600755585474,-0.007436687219869782,-0.017066703900145513
0.2732591669941155,0.645049542699392,0.1722889890786001,0.325869216798031,0.3803284247089618,0.015378171677693899,0.00738236998407956,0.01314380890031316,0.0042917911965560055,0.0006225492196244886
0.2809016919236552,0.2082918617414516,0.348117547503708,0.4682978258208851,0.8568797659224131,0.002594527689871029,-0.026107669845605416,-0.057079865751620676,-0.002280862183724821,-0.011022524847030582
0.2913028475976613,0.8862349871755131,0.1299347537528807,0.3557300736525171,0.268166708727693,0.014461704335626564,-0.01786774511998374,0.012741057512175757,-0.005848946582045755,-0.014033446720604843
0.4667172804544963,0.7456109484387496,0.2883840579513949,0.4780773678554929,0.2891596372692648,-0.012350723442505113,-0.0027333580364938825,-0.006591619238643034,-0.0013514205573301296,-0.00694831782780966
0.4658630325020413,0.6798256474300813,0.2765304899192096,0.3904153481431007,0.3265743567900872,-0.007195951349422103,0.00747146203812008,-0.004866599193301227,-0.0026938812512889852,-0.004768844744066882
0.3243078543841302,0.441608429959739,0.1009491542404335,0.3542239613352295,0.6315078971567339,-0.011951659200094581,0.008014422047235712,0.037952359387018075,0.005661467442914727,-0.007746595365442772
0.603737969790637,0.7322246888416346,0.1172330513693129,0.514050619623539,0.3261151417861272,-0.06017040931426891,-0.006482737589722092,-0.0015372207863219955,-0.00531847188154643,-0.016014801749552134
0.4647059419903651,0.7253095270999154,0.1361824110037972,0.4776387918978482,0.3823045528549564,-0.020960177687629766,-0.005858143799487152,0.003151060115378641,0.0007831559475016547,-0.010782766378179076
0.6664955553566706,0.6582972960034799,0.3379031255631349,0.55844640504999,0.3964612909882135,-0.06042269760146155,0.002771236670741928,-0.01668417894426966,-0.013385334107824746,-0.011735734881494864
0.4224433725981256,0.7238508798013392,0.2037292748276769,0.2823084758063827,0.3565276495290681,0.005295121557865059,-0.0008979984124380281,-0.00286921655135302,0.003887854995773523,-0.00533443906748289
0.1549114808342671,0.4175734961424242,0.314043117182688,0.1720426659823779,0.6427172126086979,0.028737457108109085,-0.007260189913322393,-0.013466745501809783,0.004175512259280367,-0.0051728849810751855
0.2594100605611213,0.4234668473334961,0.1691624740306377,0.2428983900155225,0.4325290841818809,0.007698667657423357,0.005399183324370825,0.014407643360173097,0.003360202786316222,-0.004554717932587664
0.5226869643800146,0.6317751887592741,0.2586834930882248,0.1753352695163598,0.3524455117734255,-0.02532497446914931,0.0043831461278750795,-0.008582747189630027,0.01678118969202842,-0.017253990653243817
0.6334303250397941,0.6082753530668392,0.3403327243355339,0.5745474862230966,0.4611227337310647,-0.06399447126947053,-0.0014583894427050836,-0.017623135018948233,-0.009530957315782872,-0.008315503584799443
0.5606116185098425,0.5107642822497858,0.1775554748136093,0.5567542199394631,0.3494392382850172,-0.05628449531737715,-0.0033156457650329683,0.004155234208337788,-0.01082134797494291,-0.021499065918887936
0.4573081293656537,0.8588681294070619,0.3899192338831866,0.7154333352783693,0.2714304606889969,-0.009209116075253406,-0.004706495238642674,-0.010472137527394808,0.013473959148013819,-0.016677350467034557
0.2636036485117251,0.3928472031667599,0.3947880448430165,0.4073880271209402,0.5836508306891146,0.0077168152485319295,0.010834621622525447,-0.014174012159492122,-0.002645557742398523,-0.001951065360372013
0.4067000938809851,0.8560907964668942,0.2891153221665054,0.279055059878295,0.283363382350581,0.00576711747853551,-0.0024337832077071654,-0.01059771432654088,-0.0031164113884733524,-0.007406309045109083
0.2085703906474154,0.6082958673387427,0.2147814948963571,0.4193191499154553,0.3544337599033522,0.011324533286242514,0.0016723723179165972,-0.005133959644135757,-0.012972829963982803,-0.005007401980074064
0.4193191499154553,1.0,0.2147814948963571,0.4193191499154553,0.2156005913945413,-0.0031677662541915196,-0.0007685910474901903,-0.00045796854625223204,-0.018923697103346057,-0.0030581939369949394
0.5145708167182189,1.0,0.3500383671326097,0.5145708167182189,0.2772891344393731,-0.029111202323438192,-0.00021962062433885876,-0.010139459780330071,-0.0018826528717545443,-0.009142162201715109
0.5932201762580672,1.0,0.3117486081435678,0.5932201762580672,0.242584783686062,-0.014726820402574958,0.0001315350266850146,-0.0006141498942997714,0.0011222165292565478,0.030126821344456402
0.3179452533108545,0.7385574266943928,0.3766580116680778,0.2527419922628528,0.3302604813056545,0.00014247019098547752,0.0017561067357382853,-0.025946254217524257,-0.005821139862237032,-0.006255026568651374
0.5951077179138936,1.0,0.1877310787966775,0.5951077179138936,0.2264124923326894,-0.040720594323865954,-0.007738466576920473,-0.0050613893477748206,-0.006650883462334604,0.005298113479475433
0.1670550947084818,0.470458113501566,0.2594468344247365,0.7434278879020124,0.4812596187310431,0.04155279797894764,0.0022895577107738064,-0.003255059300481662,0.044179898129568754,-0.006836864919241634
0.316459467343627,0.4072291076124633,0.2969832658675498,0.4101705768730182,0.6337288959970727,0.004531925897863403,-0.0005035852360560966,-0.010604783037979359,-0.0048169738341675835,-0.008645651270780945
0.5624130894627233,1.0,0.2605091246531419,0.5624130894627233,0.2558791029125331,-0.05688107962479989,-0.004849853254454501,-0.005275232530766516,-0.013054426708949905,-0.020782731705912737
0.0690119703297018,1.0,0.2648047846451482,0.0690119703297018,0.1784810817325586,0.03254692892278399,0.000610854561728047,0.002641157296020538,0.001608716674218158,0.006051180788745114
0.2760734001790705,1.0,0.1677324623702314,0.2760734001790705,0.2791291716697872,0.01423309284808056,-0.009658842222415842,0.01044175887676829,-0.004148306630231673,-0.010326005164679374
0.0640563831080009,1.0,0.3866476540950189,0.0640563831080009,0.2485980769157669,0.04782007015979616,0.0019667520397706538,0.0044743888804441665,-0.0039980856863439836,0.004212741068258765
0.5145708167182189,1.0,0.3500383671326097,0.5145708167182189,0.2772891344393731,-0.029111202323438192,-0.00021962062433885876,-0.010139459780330071,-0.0018826528717545443,-0.009142162201715109
0.5457178749741668,1.0,0.155136188251378,0.5457178749741668,0.2448745277696155,-0.05083343695205258,-0.012255539317411603,0.0095633494953654,-0.014376857648803707,-0.01803740915711387
0.4353870776519372,1.0,0.3639343078514997,0.4353870776519372,0.2972542293776213,0.012744973164299154,-0.0012350596040778328,-0.013696262715857301,-0.013143821353623934,-0.000515801475776243
0.3626274770304263,0.2206971913456278,0.3064933043934772,0.0224576606725007,0.9868157868109032,0.0036955656950885896,-0.03039420149685611,-0.06261310699321257,0.07491777227234707,-0.020674251827404077
0.0188883113136838,1.0,0.3832154158482198,0.0188883113136838,0.2226663297280148,0.00996745238902804,-0.0006566870384449431,-0.005197353455769189,0.013639596971243008,0.0028187106237419356
0.8517086288640553,0.3968399802312821,0.2059916098096921,0.5699737289670858,0.6182105852618854,0.06824566393490386,-0.012518627772187756,-0.007753774806406,-0.011210585341523256,-0.004247092561981845
0.4334696747273823,1.0,0.3172387928485113,0.4334696747273823,0.2141421836505278,-0.006422219436899468,-0.000860111112579034,-0.006211405264875794,-0.016036362330178234,0.009611050679450273
0.2671711524258072,1.0,0.1599893579917934,0.2671711524258072,0.2788792109705616,0.0155252596236096,-0.006688078999723075,0.022067181715538026,0.0037499732538708486,-0.008687910253356676
0.2453404051817344,0.6670705657897716,0.3443011803463823,0.2357737740790256,0.3157389581864867,0.0015731793471786659,0.004188990091170126,-0.02168552747931244,-0.002910577292168455,-0.0013606576734309782
0.5830715963037193,0.5082640069217188,0.3587108840327934,0.3601774492192643,0.5381995210029337,-0.048282913010989435,-0.00322511727703386,-0.02359975384097197,-0.000682622991498647,-0.014504268727341696
0.3138817497912619,0.364819969639845,0.3670164018649851,0.3360048842358066,0.7644296753981829,0.004406352902842628,0.0038535391914592764,-0.028779853422638554,0.0024426273619610585,0.0031634867943284915
0.5166325771699878,0.6276453150691462,0.2905885958632306,0.4826909665265992,0.4341793898161177,-0.013528736212865624,0.0011651689070276915,-0.005637293071686145,-0.011228266643083771,-0.010543681387898686
0.5777424091770629,0.6841508475402412,0.125031049029878,0.5698691005584628,0.3167419762782956,-0.055026834888740266,-0.0010955892836500426,0.005144204145944968,-0.012282105741342093,-0.018304234557454037
0.306817825578841,0.4949598500061163,0.3212055459683686,0.7078215821307453,0.530388859937155,0.0019646888377610593,-0.0032874707574410424,-0.010287535829593252,0.02446703419143887,0.002443627162865596
0.6320730316284316,0.486802163364248,0.3043071399096473,0.556957017110237,0.445148579506666,-0.05862559766581398,0.00036338262700155613,-0.009864848355864524,-0.008228970817781374,-0.010517772998955479
0.2785968761074682,1.0,0.2507441418896312,0.2785968761074682,0.2698439276000566,0.010404483692036592,0.0002081014882787713,-0.0035250041333711123,-0.004786326957764686,-0.01175515927716333
0.4804483060918879,0.3629522537439292,0.2060674190588808,0.4008770740703083,0.7232940086511316,-0.010841367580906081,0.009389844561246719,-0.0013109562324461876,-0.006201041023705329,0.0066016817416311825
0.4095536367103479,0.7159686920316328,0.2765304899192096,0.3904153481431007,0.3100884522043799,0.008395522554637864,0.0018266158721235116,-0.008652560095670196,-0.003944418468490767,-0.001423929754164419
0.648031463070965,0.6693579699345433,0.1741625321999108,0.6251672440022646,0.4190427338824973,-0.05915789454134938,0.0008335300432008808,0.0029813601916612244,-0.00845276784080852,-0.01629423011085237
0.3167913986329972,1.0,0.2162924666078966,0.3167913986329972,0.2690941840089309,0.006928926209948259,-0.0024656012566265416,-0.000538208093639696,0.0009007583712082124,-0.013250909353992028
0.247433226039787,1.0,0.2932527363979941,0.247433226039787,0.2725106599176669,0.012417879878048552,0.0032853029081161365,-0.010517034294207406,-0.00927161232506478,-0.01195255133403407
0.6741619136955859,0.695754656189898,0.1631266425021946,0.4979873500785678,0.3130233776908417,-0.06425522884277597,-0.0042503924476113755,0.008321285227448244,-0.0060830807944148545,-0.012649958266902104
0.1293498132460213,1.0,0.1867617833687048,0.1293498132460213,0.2156005913945413,0.04095195320358471,0.005327353289758321,0.004156677389037213,-0.009270554341674142,-0.007535568790481193
0.211565457068649,1.0,0.3917246469331608,0.211565457068649,0.2804895936674095,0.0008881133608156233,-0.0004745075813116273,-0.01948894403154554,0.0029541169515869114,-0.008381461847893661
0.1211039353340051,0.1408013447246519,0.2433055663953009,0.3849636998012429,1.0,0.03011686119109072,-0.06627949177052869,-0.03157720160057579,-0.009875902265866899,-0.0013357671711128206
0.424843843611988,1.0,0.1200069135416475,0.424843843611988,0.2331229720360558,-0.004675552087101096,-0.011963965849208762,-0.010846621374294046,-0.015429901923907892,-0.022305777716628655
0.5278961308789117,0.5324678834012709,0.295054601580957,0.5556851431668722,0.5944844546682634,-0.0473923728779846,-0.0033828778830502417,-0.009411761660230696,-0.009541408679378947,-0.014225580657384853
0.2002332789681575,0.8653137753245714,0.1721467465861177,0.2417091282175392,0.2649739354677115,0.01785381493806199,-0.016983996605267747,0.006939995746797649,-0.0025153945064812435,-0.011578105112130288
0.6650831971143073,0.8329692054235595,0.2591687809700816,0.0235573117535441,0.2364425594033131,-0.051504218938061966,-0.002367814969038591,-0.005600928262756497,0.07677052680901397,0.006161425056234293
0.191731057334535,0.3839965496434064,0.2178944877792346,0.1822415177839684,0.7221136093459022,0.01950706619190896,0.004755402892242273,-0.0023475180882996938,-0.0017423271378720529,0.004100677267924766
0.4882163253072407,0.3227693854433893,0.2227595723355038,0.4201190297156279,0.6525407147583194,-0.016759337864423286,-0.005115127344542998,-0.0029289193581098515,-0.013189682619631639,-0.01660334300377144
0.4511047506288559,0.6949686768963615,0.1388195697524207,0.444440715012335,0.3405287917010427,0.029315547554761,-0.00217363050494896,0.001186945283334353,-0.012480844641358999,-0.011433754026656971
0.3675917935985313,0.5801829885294312,0.3491678200263423,0.5481226978615072,0.4521539938281038,0.006214186295546824,-0.0003342771725147031,-0.014029081088428938,0.0007343938917620108,0.006587378462427296
0.1075251423483432,0.8748111482422619,0.327231064272343,0.161041752800387,0.3115079871412434,0.055380724761962485,-0.004458747481949104,-0.011075349774291681,0.00729058310684195,-0.009619088218314573
0.551463049691292,0.3118806303394152,0.237517877644518,0.2014159283459368,0.8025079907865454,-0.026860113007714972,-0.0040614698957688235,-0.0077716153729124925,0.011066241260705283,-0.007738287231313734
0.5512451593535042,1.0,0.3967955956662433,0.5512451593535042,0.2366568438135903,-0.04724215712260047,-0.005589772916682705,-0.008946709877709508,-0.019343003575668264,0.002052026407327503
0.3387653021978732,0.6082753530668392,0.2549903498727361,0.1411387814828346,0.4611227337310647,0.002354887191868329,-0.0034585203947426636,-0.008375859748830407,0.0025532121560900125,0.0009294260895330808
0.4969146272123581,0.4479398934253704,0.1599214141679967,0.3489430658207589,0.4956326212455828,-0.0253936558084024,-0.0017892559604661073,0.016816902981245222,0.003913360360420484,-0.007850805507987389
0.4556080636559247,0.6317751887592741,0.267526198414527,0.1958265728499471,0.3524455117734255,-0.009444735767719975,0.00032158038640773157,-0.00110267482821655,0.001014984346293204,-0.00698260152257717
0.3705179117663382,0.2682222628493697,0.142416057565075,0.1795236300877965,0.9268361032930982,0.0069939785602764456,0.00663360846156138,0.07573849840733601,-0.006092085003565444,0.04222437395765155
0.2769106568087102,1.0,0.2601801476237378,0.2769106568087102,0.2264124923326894,0.005924730776823708,0.0005834901289745176,-0.0018493970314011677,-0.003361485910900228,-0.003190739952278818
0.6725851862418813,0.3460972380353048,0.3160086431546833,0.3206401556622433,0.7777622804253106,-0.04277026968720747,-0.00892679191492789,-0.01732662772927142,-0.0020815628024683976,-0.010232516100677458
0.0224576606725007,1.0,0.3064933043934772,0.0224576606725007,0.2177874725246921,0.006167591440571414,-0.0012983635099772072,-0.014947447341764928,0.00926316972459972,-0.00808600661363016
0.5629761331788443,0.8826224117441356,0.1062709898817605,0.567594220810916,0.2565224826834835,-0.05633134551793773,-0.018712940006844293,-0.017246397235612675,-0.014001443553388527,-0.024863963720526953
0.3195232232370581,0.8862349871755131,0.3249412220981721,0.478207786912995,0.268166708727693,0.00828110043235938,-0.006000620621416601,-0.015724575962958624,0.007967416415667686,-0.008534444326360245
0.3200352127679243,0.7843474724396403,0.1729478272996225,0.2801091991335878,0.2845407952612162,0.010460169368525386,0.0036063621255743783,0.013404363963927609,-0.0016901640409923858,-0.007878066747107369
0.3895790481575343,0.7159686920316328,0.3201743525699186,0.226305387736785,0.3100884522043799,-0.002743350830496638,0.0010106230528617744,-0.010544363987846736,-0.001105627153920068,-0.005706962939875666
0.6473320146580079,1.0,0.2675776403160955,0.6473320146580079,0.2448745277696155,-0.05942120873878594,-0.001864177719944564,-0.003460248393148504,-0.007068106437873212,-0.017691819492465583
0.0408752935482571,0.695754656189898,0.1743254937472318,0.3834933181073333,0.3130233776908417,0.0596557521986324,-0.00019644236461317634,0.012655052893132962,-0.006813705396671139,-0.006755378864618251
0.7484733642817832,1.0,0.3417027039965201,0.7484733642817832,0.2609893958275897,-0.052111968674871605,0.00043006176267226695,-0.019539632739870284,-0.004108619598518999,-0.020658845658763313
0.2373652010683082,0.7452791236678715,0.1412150058732885,0.6131074193203315,0.398849531588504,0.02057278688869701,-0.007159194503328763,0.015889381842916918,-0.0017411413343143068,-0.006706727737291657
0.1314399618787847,1.0,0.3895523544715825,0.1314399618787847,0.2690941840089309,0.06399768655268417,0.009365727062649966,0.004445174680549826,0.009096153514401522,-0.006153553264521178
0.372746114404036,0.4365019437527987,0.3377862166787989,0.3189798510071081,0.624399913343494,0.00204629853960796,0.0031089041835184617,-0.017760363928919106,-0.0026020446250549865,-0.00549716529691068
0.6580047569130554,0.7718184199930491,0.3587108840327934,0.3601774492192643,0.3544194307655476,-0.038931584073106935,0.00017591862040717388,-0.01201447118222859,0.003142344030784443,-0.011353030440441217
0.1754049136135472,0.4818811069130079,0.1721467465861177,0.2417091282175392,0.4758136253380169,0.014806982795234944,0.0023821204412161024,0.012607902192939946,0.001934472665489011,0.0005851219741816749
0.501228543334549,0.2688364784257769,0.2990939202191091,0.3104129560107236,1.0,-0.018502319871113285,-0.012879367076620837,-0.044078784280063704,-0.009732463057443965,0.006128039854520467
0.4506505527291254,0.5159397703132739,0.2990939202191091,0.3104129560107236,0.5536486117277057,0.029854294139549892,-0.0028103107849528895,-0.005505768040475232,-0.002749317084235372,0.002410600635703304
0.4168338929346583,1.0,0.2482095624681098,0.4168338929346583,0.2453306764340959,0.003244387333324994,-0.0015338859610346844,0.0027164563569021995,-0.003580888599208265,-0.011907509862339793
0.2024688978848551,0.6787944540316313,0.2251762263952084,0.5941690211297209,0.386746221923575,0.026646338412101612,-0.0029513719738679355,-0.0036016761254359154,-0.0009215432173732552,-0.0022927120035456027
0.3665686636758273,0.7729353079943173,0.1206144579660686,0.2972247292432274,0.3038630172952075,0.008518712527584285,-0.00010301020654878811,0.013590179166967573,0.0009907932224450632,-0.0035430107100182795
0.0385753469436665,1.0,0.3671285980502967,0.0385753469436665,0.2788792109705616,0.058724124965956435,0.006515439304494066,-0.018896933261930825,0.03617339448879647,-0.003890087814343133
0.682634242968078,0.5091378112150298,0.1059773030261929,0.2911997352135757,0.5285291684912425,-0.006108466965633852,0.004120649725646217,0.02802865289466354,0.027414145999737228,-0.008151579036166368
0.5443333588727077,0.4356115580631875,0.3388173113040993,0.3368124591383533,0.6194599812728443,-0.04470836056505505,-0.0022654914998202,-0.023313830155748293,-0.0021097489918793146,-0.01414435981272618
0.4057593088502483,0.5673405371140261,0.3358731348573748,0.1610340205382188,0.4316182464508081,0.00042828502988413676,0.0017064480705084862,-0.015804450512787296,0.00514775967636524,-0.0008046587424905738
0.6552560314297652,0.3928472031667599,0.1362441985424717,0.3253818074971508,0.5836508306891146,-0.04851495338123641,0.0019183531167254841,0.009595992657868918,0.0039066731531420375,-0.01627117007954439
0.0939120444205925,0.2898006284041471,0.3354161751807093,0.7428029853918902,0.8104414961226937,0.09464201920294726,-0.01259735165085658,-0.011427843526253128,0.06427532534176862,0.0006268233703303849
0.2749760869148622,0.6562912328094377,0.247593391931773,0.1878416592208664,0.4100225182911529,0.006973039269178116,0.0006414504636995844,-0.006788328253187501,-0.0009148774116692948,-0.001268749129594653
0.5287038982731566,0.2878897247101092,0.3201743525699186,0.226305387736785,0.7711759207885595,-0.021667412916795,-0.00881542141927639,-0.01519794836814981,0.013386073069432314,-0.008349235650948686
0.6308142018330376,1.0,0.3692875712541282,0.6308142018330376,0.2231788535691001,-0.029580113958363654,0.0023101947239956644,-0.002449739592593687,0.0031603517993062267,0.04271616852405714
0.0998659869632083,1.0,0.2677753111583654,0.0998659869632083,0.2387895582208926,0.05040958802503155,0.0055142492735831185,-0.0005874511136789806,0.011599994148236875,-7.882139541834477e-05
0.3481460937387305,1.0,0.3305317310351457,0.3481460937387305,0.2804895936674095,0.0035457047063391658,-0.001031721978506539,-0.012645839925971814,-0.0034162806971653483,-0.005286828809294093
0.2379222928296924,0.8899935983696785,0.1465243992703772,0.102566018855403,0.2413632306360124,0.00419120925856987,-0.009445420882402687,0.00034209360732347706,0.0057525711971720735,-0.014994769490822363
0.3746432297989708,0.3794487230849437,0.2671070256395097,0.140241765145063,0.588166041921662,-0.00021025000318331878,-0.0038608217960427282,-0.0039293173347505215,0.0037371530445670944,-0.006868710841372376
0.1867862878312478,0.1519212579344671,0.2027625125003309,0.0537671001073384,1.0,-0.007304736233709264,-0.02827177477924124,0.014448693552221812,0.02972435524157845,0.019245996276831646
0.5020044016498718,0.7510612310041399,0.131541906485669,0.2582833722853274,0.3628888892176247,-0.03018459881284798,-0.005569828972547839,0.008926153430675186,0.011621271352123586,-0.009360464741948817
0.1927773932213099,0.4235465354344171,0.1741625321999108,0.6251672440022646,0.6622403211956885,0.02376278238691157,-0.004006783965523937,0.0068234759754886905,0.006590518468510709,-0.013146713418718719
0.151994192047001,0.8132503692293354,0.3721133105390699,0.1292370404981885,0.3892329979415037,0.029849412332914653,-0.003910593374785094,-0.019590205248387064,0.0006316834079916589,0.0017393524549697758
0.5216326836433091,0.6329835981350149,0.3803421151850653,0.4877600648182338,0.4405788898673436,-0.045900321684421215,0.004963529633932921,-0.020659235269122292,-0.010988709104713052,-0.00909236557470649
0.3481963402965006,0.3898836506674871,0.2779618091676161,0.2811002334438519,0.6069935053917497,0.0034388340241639525,-0.00018917560008048894,-0.01131861056355774,-0.000266370783901948,4.809423095139209e-05
0.542557124197624,0.5108029164528102,0.3963148486641246,0.2419633852098482,0.5464517971200232,-0.02596824805950746,-0.002427544692345691,-0.013983939801146334,0.02170266729666764,-0.01186466207707781
0.5289027250099626,1.0,0.1027758110124876,0.5289027250099626,0.2453306764340959,-0.054729262938599275,-0.018750154597910296,-0.020394827735181024,-0.009929412654055341,-0.02064604246890667
0.3368124591383533,1.0,0.3388173113040993,0.3368124591383533,0.2698439276000566,0.0026639311233157058,-0.0014857735237455926,-0.017730472241019014,-0.005734744524233975,-0.009659156202433223
0.5003738820771736,1.0,0.3444252411008855,0.5003738820771736,0.2580728527851195,-0.037840918716901796,-0.0018388518614665373,-0.015437411799939581,-0.006099864013885963,-0.013166696262542245
0.4720089735868875,0.6188229716046919,0.3491993812300059,0.0886650497680766,0.4336970116089544,-0.0025329370850886335,0.0008010086990543641,-0.01728402920281951,0.035394346650427906,-0.010119613277056487
0.5790630158499286,0.8400106420082066,0.3803421151850653,0.4877600648182338,0.331994854617374,-0.04785017069782043,-0.0038510786491679026,-0.016727386650418338,-0.004437886232772144,-0.01761718043646397
0.1684340895975264,0.521507330363182,0.1341977600297481,0.3163361603055517,0.490652936238378,0.014590881646654452,-0.0036492310449102662,0.012563782392644498,0.004564730149650131,0.0015729992068372668
0.6277971848776916,0.683109025949465,0.1655063329823752,0.1236288471339076,0.2883132316408017,-0.04790920171984908,0.0027673830551066202,0.009782173183939449,0.014585244756472094,-0.012924667731367663
0.1845700458452848,0.7510612310041399,0.2145351015176064,0.1875538898761971,0.3628888892176247,0.020372808020001684,-0.002052491521644697,-0.004970759360094235,-0.002119418987640529,-0.002846530795977742
0.5828555485113656,0.83032724083915,0.3612149984890817,0.3302704838228211,0.3440201929065593,-0.047988937402733425,-0.001687183041976823,-0.01628581999164453,0.0013778068336614525,-0.01564465406918316
0.4479195800990211,0.6503398012243706,0.2397531501548731,0.672156689426542,0.4604284793548294,0.02500354458396032,-0.0008942036975713564,-0.0003983787014658446,0.019600279171536384,0.004979914050527441
0.0188883113136838,1.0,0.3832154158482198,0.0188883113136838,0.2226663297280148,0.00996745238902804,-0.0006566870384449431,-0.005197353455769189,0.013639596971243008,0.0028187106237419356
0.7502925596465644,0.5845217582205673,0.3379031255631349,0.55844640504999,0.4465007369821574,-0.04973932596891245,-0.007156777423952008,-0.01831697930028895,-0.020866590631867438,-0.004791024463502254
0.3016504555184032,0.3099432743588466,0.379662117647771,0.4090572267932545,0.8682046241060827,0.0020456632232526317,-0.0035693783273563896,-0.05729592257743207,-0.0054095879150918335,-0.007185720270899765
0.5744975554849866,0.4175734961424242,0.3811770283953081,0.519672037100995,0.6427172126086979,-0.03857666259500547,-0.0018695424093857582,-0.01503589092008042,6.387091725628125e-05,-0.018877553492147855
0.3157619294185042,0.4916069791485726,0.131541906485669,0.2582833722853274,0.5544098993988124,0.007749096619991178,-0.004096202965338307,0.01960518839474389,0.014405352125831996,-0.0038017140321971966
0.6935049483645463,0.638761574127397,0.2594468344247365,0.7434278879020124,0.3544554048073232,-0.05899681338676601,0.002002544038805354,-0.006370111421892944,-0.00065478946422445,-0.01457556029634361
0.5464224968668109,0.6787944540316313,0.2060674190588808,0.4008770740703083,0.386746221923575,-0.043748245483766365,0.008211588523809042,-0.005375812110123661,-0.005577738476586091,-0.011250060603251767
0.4833208020562239,0.6104476455284175,0.379662117647771,0.4090572267932545,0.4408145169861321,-0.024300554269357236,0.0033573267584506537,-0.02415607650673337,-0.004537528351829678,-0.0011249974028032738
0.470248045013106,1.0,0.2507970505910302,0.470248045013106,0.2691813771032402,-0.015165455617025146,-0.004229979869487579,0.00024175749120331603,-0.0014283256365160923,-0.017531499226824964
0.470548383511044,1.0,0.1601259366523375,0.470548383511044,0.2972542293776213,-0.020807074423828453,-0.011332799947049353,0.008865834468742832,0.005816107998107327,-0.011173009792546509
0.0617204537417189,1.0,0.3508009396807673,0.0617204537417189,0.2972542293776213,0.040839941066842585,0.002007902871700935,-0.01152196845800063,-0.015664899085131766,-0.011109886926096806
0.349331100629648,1.0,0.3880783072804984,0.349331100629648,0.2376587196701865,-0.009203787993355946,-0.0024803065547166626,-0.018155072211193328,-0.006919755965191144,-0.007898196966762043
0.3903001190270367,0.8826224117441356,0.3162944342843605,0.5025690936982445,0.2565224826834835,0.008283336655294989,-0.0024889745292603037,-0.011677557149669155,0.006177973616104282,-0.009788998239801004
0.1866216256296884,0.5159397703132739,0.3801780872757737,0.2073909361866176,0.5536486117277057,0.015089449070837873,0.0004772442918329034,-0.02584178825320123,-0.0005510377079190221,0.002432171037507942
0.3964538911402696,0.695754656189898,0.3064933043934772,0.0224576606725007,0.3130233776908417,0.01728888784185983,0.008809481007010617,-0.02551675995518963,0.07749674798891647,-0.01904703060310567
0.1753352695163598,1.0,0.2586834930882248,0.1753352695163598,0.2226663297280148,0.006093118637545558,-0.0008366664317691174,-0.0028638342033082153,-0.007852650842341973,-0.0020719177620412664
0.1638308061414714,0.5475800839699189,0.3282161907297057,0.2575212107657581,0.4976635708552124,0.01665298934454768,0.0009899674518965185,-0.01524479224723109,-8.501235279254616e-05,0.006177167386194924
0.2132187315933985,0.6670705657897716,0.1288700938257144,0.3761374782236006,0.3157389581864867,0.014997953451311332,0.0042127552002421,0.01979040167057974,0.0013922162564995234,-0.0022658005538323776
0.6125387764158565,0.6317751887592741,0.2227218727911262,0.3746915338403658,0.3524455117734255,-0.047506553051898666,0.003128390573438082,-0.0053874978931162335,-0.0006456399311900896,-0.01625237838417888
0.1580957830151276,0.2510640809150663,0.2104685105585154,0.4699341914263152,0.9426152994527726,0.026619974576497042,-0.03533544383595654,-0.008203109334663167,-0.004683076680885278,-0.0022588148744216597
0.3421588405719231,0.5324678834012709,0.3835879653245292,0.3668031369160724,0.5944844546682634,0.002854588304799108,0.001369986402169161,-0.01906488846983848,-0.00031994383316487075,0.0028159967654937646
0.4415640924071527,0.4048479290846253,0.3649193338077803,0.1592161448595941,0.6479767749037244,0.019367081139680522,-0.00413384111267078,-0.019744134704269528,-0.0009933083623400306,-0.01056877077484387
0.1330608220117017,1.0,0.2026391018105925,0.1330608220117017,0.2448745277696155,0.04591647993107472,0.004774689476071217,-0.001882251583811012,0.006886444348074292,-0.008123949859418644
0.4065779665847216,0.7499828207889345,0.1841911468913936,0.29541383356219,0.2442212309154907,0.0048637248408340385,0.0005971441854489967,0.005605540308479249,-0.000612982886214013,-0.01703419134466458
0.2060937476266101,0.3964196294348205,0.2430411079870228,0.1204191169340531,0.6271083933714274,0.0307049136032947,-0.002593101848196966,-0.004482287874834583,0.017565633673075353,-0.004260239177128824
0.472192244493856,0.4397135203498378,0.3043071399096473,0.556957017110237,0.4928192595714595,-0.006899766442438704,-0.0024586757235556434,0.00017527714457173715,-0.0050511251036732575,-0.0063606354409421325
0.1255383585177335,0.6562912328094377,0.3895523544715825,0.1314399618787847,0.4100225182911529,0.056351814153240413,-0.0002314511951044551,-0.00019971173205703962,-0.0003278308957669651,-0.001966355847980594
0.5558779570247052,0.7016958561110702,0.3090181915493051,0.384354160978702,0.3898376236455947,-0.04652599806733633,0.0022592694377090083,-0.011860577173283673,-0.004665619778770633,-0.009540047237514955
0.4396799727306616,1.0,0.1068686624115216,0.4396799727306616,0.1784810817325586,-0.009342347184028767,-0.011786523060545733,-0.040970650556009784,-0.015728677098777552,-0.014985299960535485
0.3340159410621371,0.470458113501566,0.3077995099128565,0.4459321239554626,0.4812596187310431,0.008144645845895866,-0.0038563349469222883,-0.01327877014520709,-0.007045690104678215,0.004060727416290319
0.2494816469432445,0.695754656189898,0.1181867172443743,0.1846232380106905,0.3130233776908417,0.013151606404207997,0.002119961107237032,0.006996726900397334,-0.0010758025250106585,-0.006091561719840683
0.5294081538820832,0.6005605502470359,0.2543890515612503,0.4491050389974033,0.358998924098254,-0.04236618933129648,0.004668650513667672,-0.006251273519865208,-0.013576598294439463,-0.01217135420838531
0.5557993291505311,0.659253686735615,0.2258458323060528,0.3251376414495053,0.3881345043052448,-0.04125332074017933,0.010870896749474923,-0.003391318776866683,0.0006512231999840878,-0.0111220519548624
0.5372226159876902,0.6841508475402412,0.3043071399096473,0.556957017110237,0.3167419762782956,-0.040217368872254154,0.0029162434364116054,-0.007148356689431239,-0.011480026295485004,-0.008705309500128352
0.3302704838228211,1.0,0.3612149984890817,0.3302704838228211,0.2856493375690555,0.009063262385388952,-0.0014613032192573882,-0.015505956542874628,-0.001221959156318917,-0.004249434603698319
0.4055646573911051,0.6787944540316313,0.315842200287702,0.3759515204309103,0.386746221923575,0.007145420902124897,0.005505645754783473,-0.014964655277854035,0.00033192367845913395,0.0014785128430230543
0.0620248478983145,0.8862349871755131,0.2965371892386502,0.2247402662768553,0.268166708727693,0.060007580313940705,-0.0012976912669546436,-0.010117115667890175,-0.0014158278492323007,-0.012286637729484937
0.493214204231713,1.0,0.1946275102816272,0.493214204231713,0.2453306764340959,-0.03831233655168034,-0.008041054602254008,0.005842803626128443,-0.005640879765815043,-0.018896997325919075
0.6104822001943839,0.6087544325387523,0.3774464603919373,0.53254287433052,0.5199861592334579,-0.06008578277862398,-0.0014177062059025048,-0.025167746607403386,-0.008578329672836844,-0.012584707481055375
0.1513448331886925,0.5938784187411353,0.2899029642528832,0.4503196593432388,0.3786599448585472,0.02555157336868433,-0.0010398082471510862,-0.008291133911934595,-0.01561968692982191,0.0012495195435622008
0.1958265728499471,1.0,0.267526198414527,0.1958265728499471,0.2226663297280148,0.010918781414729892,0.000965479701426375,-0.0020636528164322955,-0.004661453449316468,-0.006935245471649978
0.2823084758063827,1.0,0.2037292748276769,0.2823084758063827,0.2580728527851195,0.009244877888268093,-0.005644286661481601,-0.0008330826122983126,-0.003282260012729239,-0.013059282665362843
0.0787428315675254,0.7843474724396403,0.3296794903746288,0.1660503979696669,0.2845407952612162,0.0541103616646069,-0.0016392917803386808,-0.007244331677757145,0.0028307443558514933,-0.011039798880083253
0.0638601502629902,1.0,0.1670070947306077,0.0638601502629902,0.2791291716697872,0.03237999385306466,-0.0071710735715532796,0.00909472132807423,-0.010690129814174726,-0.014047915537885274
0.2252888096678719,0.2237725171896391,0.1169278372378783,0.0228694515024367,0.9950566429000448,-0.0013221433753642486,0.004346253227140551,0.06900723336915689,0.035838790879643055,0.0464126485109773
0.5472421930568665,0.6978626116254767,0.2666190716334953,0.5849086825134733,0.3222381677238861,-0.053640024681953946,-0.00021334130007744534,-0.0001899271198635688,-0.011813237726801162,-0.01034946685836985
0.5935137675262636,0.8377801388257742,0.2698081454356859,0.5626096354396656,0.3331771174010073,-0.04357683392205217,0.0004369522216802579,0.002308013231086079,-0.006803100045726751,-0.015253022614706424
0.4099697495150148,0.486802163364248,0.2292999544332735,0.4204703862225806,0.445148579506666,0.006533976982391323,-0.001633576648455346,-0.003919196243350598,-0.01043782028446003,0.0037058635207722545
0.3216741851809471,1.0,0.2686500694862697,0.3216741851809471,0.2698439276000566,0.004193391813823837,-0.0031840002230455865,-0.0013740195202626637,-0.0027542660234757934,-0.012872659317217768
0.6352997232177541,0.89573527359895,0.3147253859247889,0.5575734939323931,0.292867840696605,-0.05659755853950628,-0.004562578649856732,-0.006700394342005893,-0.012485645478263904,-0.017610473724344048
0.5738118389188774,0.2682222628493697,0.1861415857336068,0.459710270247026,0.9268361032930982,-0.03905384179084649,0.0104954229285795,0.05018574399255158,-0.005629378314770292,0.03375007193431884
0.6187932537111112,1.0,0.3698362407406763,0.6187932537111112,0.2689555966912024,-0.058993838627757214,-0.0015458365734230027,-0.016393732719625406,-0.010079098548922048,-0.025145403459464432
0.325869216798031,1.0,0.1722889890786001,0.325869216798031,0.2453306764340959,0.0043204820691607896,-0.01363352646221756,0.0052004255259817,-0.005522986265477811,-0.014758104526536045
0.7342483742420552,0.6603502899709954,0.1669706750400401,0.7463513712288288,0.3371942635745568,-0.04495154917814943,-0.0018186008333213976,0.008428202852410322,-0.0015337101061049907,-0.016563430013520702
0.2576549778593082,0.1096592552713503,0.1881011949461756,0.3750397875622856,1.0,0.0007470699390250957,-0.016663360407201254,0.025189110351111595,-0.010819927490665578,0.03147279710362454
0.423318057923192,0.4768115373945492,0.2083296346272195,0.2679115522840253,0.5640710754627749,0.003420795874480973,-0.002863516483903368,-0.005340395256080228,0.0016964261085377075,-0.0021069309290032835
0.5132087108683087,0.7159686920316328,0.1840780285505098,0.4102348050864612,0.3100884522043799,-0.02821491978109407,-0.0033535276662951218,0.005289720749078697,-0.00733142488545127,-0.009758538055502869
0.1971344972956684,1.0,0.10426472640105,0.1971344972956684,0.2623320554147072,0.027721651440369897,-0.012337640078803815,0.01265823454144993,0.014950555861560133,-0.013101750083496882
0.1280204178472305,0.4175734961424242,0.3491993812300059,0.0886650497680766,0.6427172126086979,0.04704280581685452,-0.007133886402007192,-0.014523176470793259,0.004073294729932968,-0.012281105365836993
0.109525926936012,0.5896977979368628,0.2370121049187,0.3010030223407405,0.4030178177732181,0.05974375181209325,-0.003486740490698139,-0.004348720310863427,0.004383655656856718,0.003352947720704833
0.5520765341619974,1.0,0.3332238937340161,0.5520765341619974,0.2655407882793813,-0.05424935932089284,-0.0033707456762931544,-0.013109276362847595,-0.013814686931254982,-0.017274351894011487
0.0757762160991546,0.6036851513358754,0.3795826837608693,0.2174885389884709,0.4623754138264147,0.0729687890184141,0.004840235195806599,-0.012840338162022817,0.007428630101931049,0.018955444680832444
0.2954997096090289,0.6412891159672066,0.3771851523280835,0.0783194509912572,0.426558689766207,0.004123229596880265,0.0011687155522304238,-0.027146214880885963,0.019604038144098012,-0.007117056908973609
0.4571580086598709,0.3036099673494669,0.1270669949853522,0.4073509122668784,0.8746115636372819,-0.012423529790903559,0.015601752155525901,0.06111968529821752,-0.002476973073553381,0.055052135368459855
0.355719952671265,0.7850596777664889,0.390526972131664,0.1969763607442226,0.3786390229890748,-0.003659667432657443,-0.0007150280752102844,-0.020768687670642976,0.0014732706953509479,-0.0001016070138575742
0.2299891823519627,1.0,0.3203638613238873,0.2299891823519627,0.2538249831319897,0.03745474028386525,0.00442698879265663,-0.010684130137451574,0.0031016668144184223,-0.0048755525708293135
0.3690283884786726,1.0,0.2680287986062624,0.3690283884786726,0.2220136235388833,-0.005595113346207654,-0.0014008244651995483,0.001126906055942527,-0.009297867689656413,-0.004359570994020032
0.5633957455177977,1.0,0.1372773591426789,0.5633957455177977,0.2248779692931995,-0.042325270043111235,-0.012380722369161958,-0.014041512170788337,-0.010422000114213006,0.0015104282609172514
0.3634747975533133,0.7999014358647532,0.243641697399056,0.3045899378766692,0.3373464723292254,0.0027746086397746695,-0.0001808287517633289,-0.004364585345101659,-0.002893122776222299,-0.006374026745979791
0.2696852309163967,0.5108029164528102,0.1677324623702314,0.2760734001790705,0.5464517971200232,0.012780480547044136,-0.0026971585251521902,0.016578841610644303,0.003328267352990224,-0.0038898805043208994
0.7421309321755436,0.54358595632421,0.3117486081435678,0.5932201762580672,0.4462675697629274,-0.04339502216076653,-0.007976026615142472,-0.012611553883907618,-0.01625878391942024,-0.008739034205591452
0.2132719664968544,1.0,0.1009826659762564,0.2132719664968544,0.2141421836505278,0.00206871051210328,-0.01029709449980146,0.021084304231553688,0.01096589400593075,-0.0071338996645135926
0.4712314101703396,0.6063517980295272,0.1410751683807266,0.2104255068111449,0.4186100939369678,-0.015267899916289025,-0.002702708293327305,0.013724341092238319,0.008652303150120133,-0.010644886555637641
0.4846821114827234,0.6670705657897716,0.3411987463334315,0.7386713044372276,0.3157389581864867,-0.03631011401514115,0.0021001028129830957,-0.02004505443832386,0.0032809029488453235,-0.00979152033025457
0.1333811582322318,0.7893479300036105,0.2227595723355038,0.4201190297156279,0.2668280456228844,0.04414479689792643,0.0004732577937102178,-0.009121616352567799,-0.01616784274843667,-0.011556135420469217
0.3939330994136998,0.8931313375884783,0.111307922467836,0.4520033448423368,0.1998374418419479,-0.006153032606271154,-0.012094478139806597,-0.02819105565558857,-0.00819921556434565,-0.008192774711242237
0.259541931550416,0.5896977979368628,0.3249412220981721,0.478207786912995,0.4030178177732181,0.013846980838352466,-0.0005086718862366979,-0.015262602236707607,0.0013659614573043656,-0.0029964789575751636
0.1891749529675838,0.8308375259693623,0.1617621234263919,0.3469427330222915,0.2204543270296384,0.01641633935199934,6.928914364834782e-05,0.007027819154172903,-0.006210617661672586,-0.009099149434150603
0.4726325401966678,0.3568195329842838,0.2059916098096921,0.5699737289670858,0.6875483367803791,-0.008027749879693147,0.00047933220090271787,-0.005745526218579471,-0.006400209506427928,-0.004717622308835417
0.1114930733038049,0.8062851920800052,0.1662725482623013,0.4053313743622649,0.3328619651411099,0.04768969526860019,-0.007538435715832748,0.0037156325382966316,-0.009427577524875233,-0.00966968596978404
0.3118111694888085,1.0,0.3723582233988162,0.3118111694888085,0.2558791029125331,-0.0004551617698962218,-0.004527393478347221,-0.0233873606969064,-0.0024019680875608175,-0.01060294859611531
0.274383861738296,0.2207004565806422,0.3947880448430165,0.4073880271209402,1.0,-0.0018228606641059741,-0.02709308976191096,-0.06673084607176862,-0.007997765862892265,-0.014646127362466359
0.5432682406471308,0.2231627751614829,0.2780791404339141,0.1439528889275143,1.0,-0.015725529224764615,-0.015460542095024721,-0.04950502989493543,0.019507082167638145,-0.0008949122643207375
0.1034294869678065,0.3950226850928596,0.2081656871073396,0.1924265943959444,0.5513290267709459,0.056555226633245186,-0.004933884968122584,-0.011705270634829503,-0.0004891042302915593,-0.0015112104919171544
0.3251376414495053,1.0,0.2258458323060528,0.3251376414495053,0.2558791029125331,0.004110328843235038,-0.003590430352924159,-0.002889272164684371,-0.006353863763888512,-0.013604654960563494
0.4491050389974033,1.0,0.2543890515612503,0.4491050389974033,0.2156005913945413,0.030881531347731653,-0.0011407545634210692,0.006725771057535895,-0.0044262394424185916,0.017441724155069095
0.5078294667957046,0.7532984115925108,0.3847850517174536,0.3184769786779378,0.3369514381364364,-0.025231119382442557,0.0011063856168766505,-0.012728743737061449,-0.0008634338697811472,-0.009669750679349817
0.625359457951185,0.3461060026505316,0.2666190716334953,0.5849086825134733,0.6497372700012435,-0.05419796813217545,-0.007261685356315866,-0.006845236426561314,-0.009603189110148378,-0.016829004564006027
0.3544820728206314,1.0,0.3553358259868099,0.3544820728206314,0.2502866980189254,0.0016890258568309946,-0.0012173405125940917,-0.016666457498467936,-0.006123470940456173,-0.009891792363941932
0.2505147247819357,1.0,0.374728775609178,0.2505147247819357,0.2856493375690555,0.0013372486719526932,-6.096148099459242e-06,-0.02381431438967411,-0.009662182334068348,-0.005686173924550531
0.6760802135637193,1.0,0.2044879523165254,0.6760802135637193,0.2376587196701865,-0.04668321006509359,-0.003741801238793414,-0.008608073396480904,-0.006721779741692444,-0.0020364985962805803
0.1961228864062619,0.2657343208822714,0.1758305188940914,0.3675340027783045,0.9879084857680628,0.006493347922150861,0.0011058178781058815,0.056966315296576794,-0.004187230126754002,0.03360523661291154
0.1175632206119979,0.83032724083915,0.1706095750085544,0.3541357404787414,0.3440201929065593,0.0436122752967276,-0.008926624627929414,0.0063646391031215895,-0.0015007235370285343,-0.009239830736914883
0.6691528797043415,1.0,0.1499232203227326,0.6691528797043415,0.2609893958275897,-0.06378346582088852,-0.012489940181476413,0.00850641656001244,-0.0065478432886084195,-0.02377683122846065
0.4401057437872877,0.3938636623182863,0.2787972455320477,0.3084612496824849,0.5955148460555444,0.019547720478622067,-0.00205376743871966,-0.011811640460382477,-0.002346704869523819,-0.003791975748463301
0.2739938651095406,0.3938636623182863,0.1908272817013332,0.4974105016014945,0.5955148460555444,0.01355148674978409,0.005057906421188818,0.0046325301426441,0.004716792381805135,-0.019202691776408754
0.1876625856031753,0.2793224957081845,0.1206144579660686,0.2972247292432274,0.8408433207847494,0.011966839576562052,0.009659728450624244,0.03940727566357964,-0.004807407101197896,0.0326315239888936
0.1927582142546439,0.2022124699496548,0.1934638367893046,0.5870644871766747,1.0,0.011592988805205096,-0.01571210754054846,0.02741294449846464,0.012916876963809045,0.03218991251501393
0.2992308307743608,1.0,0.3207467445377564,0.2992308307743608,0.2698439276000566,0.004887047368829372,-0.0014057585773116442,-0.013479202183298185,-0.004417922723587253,-0.010228505621053046
0.4127170659656008,0.8552569143561763,0.2235770797657575,0.324418120797923,0.2511663180292229,0.006165796498316922,-0.003153336762698018,-0.005210260302192182,-0.003566692515905743,-0.012872133682412823
0.3599560277946204,0.4072291076124633,0.3111450788837748,0.3705374100766728,0.6337288959970727,0.002789714865612041,-0.0008730474005460565,-0.014763425683977403,-0.0004350799052917864,-0.007473407370634959
0.4271414736774521,0.6694682689648543,0.2549903498727361,0.1411387814828346,0.4189736940051069,0.005248918478064297,-0.0017516110487486003,-0.009718650743725448,0.004595212545573304,-0.0061027515176465385
0.5496446900285321,0.6686633285607051,0.2292255291238448,0.5635596646998312,0.3926059338777931,-0.05122339381392521,0.0058418056743539636,-0.00024453631391224917,-0.01032031351549449,-0.014007863789538532
0.4171465407726987,0.4042716621037339,0.1820184444855019,0.3596970615584971,0.6278574704225981,0.0036033356665211612,-0.0009504161125187239,0.005927736270878086,0.0009312956521534944,-0.015235992998714209
0.5235047131724375,0.831077971658432,0.3575225294126832,0.2832969751124053,0.3236225791841124,-0.03475696979083295,-0.0050008174015965775,-0.01997558588718675,0.007887390229734592,-0.010691144035299659
0.3732320120608718,0.6686633285607051,0.1737034785545887,0.4247630166632385,0.3926059338777931,0.006669394334385288,-0.002152216752692766,0.009539269586093723,-0.011267478073641542,-0.0047882208186638305
0.5656248524753534,0.7893479300036105,0.2179493470273718,0.6580238144458754,0.2668280456228844,-0.055179898612041145,-0.009025707216351294,-0.006078866721509257,-0.008284141963631555,-0.02395247728902177
0.0943131599549405,0.3010329383712429,0.2671070256395097,0.140241765145063,0.741376856554711,0.045519417409777815,-0.012526991089616786,-0.004959437141023954,-0.0030582721454629792,0.012647118162312836
0.1798666984177752,0.8653137753245714,0.3153261828366418,0.2138598857756335,0.2649739354677115,0.006931692421931075,-0.006905661510827486,-0.01378402828333492,0.0005310972413644777,-0.010275909713818691
0.3167913986329972,1.0,0.2162924666078966,0.3167913986329972,0.2690941840089309,0.006928926209948259,-0.0024656012566265416,-0.000538208093639696,0.0009007583712082124,-0.013250909353992028
0.1176297606841944,0.4597630441839822,0.3880783072804984,0.349331100629648,0.516915664876891,0.06461031796960015,-0.009909957591662532,-0.010195296425481502,-0.003340995877624664,0.01237241060105589
0.1832642635688269,0.2722234634946174,0.2805439306914038,0.2313489087361434,0.873028050629022,0.016563338009655128,-0.016748866067246126,-0.03554834722288433,-0.005507098190428224,-0.01517918075864145
0.2602179896238786,0.3047798544220038,0.3491993812300059,0.0886650497680766,0.8805755026325379,0.0006142234060826013,-0.015933686312273494,-0.06023010547773083,0.011459407100555836,-0.02833844760189095
0.3469427330222915,1.0,0.1617621234263919,0.3469427330222915,0.1831617276585455,-0.00491985591230332,-0.011670865042324294,-0.002284355279261945,-0.011185220424849832,-0.009308331342654129
0.5616917765902939,0.6020324502421971,0.3500383671326097,0.5145708167182189,0.4605883525511289,-0.05158639276713075,0.002485025119531201,-0.022018503724684706,-0.006108128879932337,-0.010829466399427475
0.1969763607442226,1.0,0.390526972131664,0.1969763607442226,0.2972542293776213,0.010841186018988083,0.0011446820182027294,-0.022073894020977605,0.0008642807868454838,-0.00509920924261678
0.1283976809170707,0.8062415979908257,0.1355423279411,0.1451373375031851,0.2909198171079932,0.03653196793187817,-0.004516732773117838,0.006669446006490034,0.0021190459766512503,-0.010171106993984722
0.2386814255439288,0.6325781949003546,0.3378185205848135,0.4136655834856087,0.3878266408989028,0.011602666141116061,0.002089264620335598,-0.013274071689465927,-0.002228677004968631,0.0004945883802065509
0.5704674850316188,0.2688364784257769,0.3612149984890817,0.3302704838228211,1.0,-0.034288677945041854,-0.00382921924967377,-0.06062431485814159,0.0011894165147714375,-0.00454309012829981
0.0128295507722901,0.7295278856872824,0.3440454276629782,0.6680265545098899,0.2699682557698889,0.055398513595864646,-0.01516524240556464,-0.017356922327089706,0.00012869794714788442,-0.02453618283903779
0.1878416592208664,1.0,0.247593391931773,0.1878416592208664,0.2690941840089309,0.01764922541748092,-0.00034817534397006965,-0.00491146584492526,-0.0008695053174596979,-0.011080725792817247
0.4214066851939488,0.4639445066721941,0.1728974674234519,0.5297690115393784,0.4847087659388753,0.008134765564464033,-0.006516127505274198,0.008455574754007102,-0.0016869465803029016,-0.008882761610293529
0.3050264770555476,0.8023571631248685,0.1721467465861177,0.2417091282175392,0.2857650021708496,0.005509906716979458,0.0024418886423518416,0.01546342979901965,-0.002013464622286847,-0.004441846978916146
0.1150978004987033,0.3584598118442488,0.2666190716334953,0.5849086825134733,0.627344996183029,0.06473891799822012,-0.01596900285958327,-0.0012984522443002789,0.0021812593743379695,-0.0032059389218193246
0.3367139689569519,0.8969281925348226,0.340746313264385,0.3703796798066027,0.2852838220966042,0.004803476699671592,-0.002285808634478599,-0.013906365967268358,-0.005321516985932248,-0.00611343328429939
0.1707955670995475,0.7499828207889345,0.3265159734554383,0.0713426576115826,0.2442212309154907,-0.005370598464323848,0.008030061483696045,-0.010577449104875996,0.029957759745811927,0.0009414704879782221
0.7483645164432571,0.6686633285607051,0.3589485068207572,0.7775739125873757,0.3926059338777931,-0.040732597474125214,0.0015026977806701326,-0.02426174122363591,-0.0069844054047098324,-0.010856005598161573
0.2948511010290332,0.7550339910732541,0.2543890515612503,0.4491050389974033,0.2855508413443383,0.020644707690371432,0.004800970228097867,-0.004198296429785841,-0.004582794926791394,-0.00861496902001818
0.5297690115393784,1.0,0.1728974674234519,0.5297690115393784,0.2248779692931995,-0.053277216034475716,-0.014493799804986338,-0.00658630187757808,-0.008614513299398822,0.0008588815644907299
0.225013562317195,0.2122185664301408,0.3005043711695708,0.1667378036794028,1.0,0.008203298139123944,-0.042333050654779075,-0.055191810400847315,0.0023017915795207956,-0.004877323099135538
0.1410011325924067,1.0,0.2338235680786707,0.1410011325924067,0.2725106599176669,0.033936590887205964,0.002473168517026352,-0.004278633181056648,0.0007208659229945624,-0.015949998623873397
0.1558746639753827,0.6251109674564617,0.2420581408709811,0.3744830311764774,0.4196567794708839,0.03282814634807437,0.0022658654207771177,-0.009348242508476688,-0.004587197166765691,0.0009750983281992376
0.5825928086591801,0.8772621038715637,0.1250534420939155,0.4784576753544436,0.2441028544439206,-0.049370505622318886,-0.01702689017078228,-0.007642866255064291,-0.004849096504585759,-0.021471128800403676
0.0188502694221045,0.3938636623182863,0.2365333054673618,0.3091832135606396,0.5955148460555444,0.055958651875298526,-0.0019509268543879443,-0.0016762841596755606,-0.0016857886936122667,-0.004620147864588944
0.1975108912185331,1.0,0.260087494483297,0.1975108912185331,0.2148117301478753,0.016394762377240114,0.0007475866409549781,-0.002340481043829641,-0.003892760990656825,0.007954917929200746
0.4348573983178738,1.0,0.2881358423417459,0.4348573983178738,0.2804895936674095,0.007792133449474932,-0.0008889843921861029,-0.009075161066466535,-0.013811574515239044,-0.01082635983795626
0.5139596762843776,0.5108029164528102,0.3795826837608693,0.2174885389884709,0.5464517971200232,-0.009003462316431978,-0.005768186152818089,-0.01493354886159068,0.02970261142028903,-0.008854658736199781
0.4194666885901065,1.0,0.3912455674612477,0.4194666885901065,0.316543879292169,0.007711136344187253,-0.0004984485618115286,-0.015272599512136366,-0.010688472412330157,-0.003140820792214072
0.1975108912185331,1.0,0.260087494483297,0.1975108912185331,0.2148117301478753,0.016394762377240114,0.0007475866409549781,-0.002340481043829641,-0.003892760990656825,0.007954917929200746
0.6760802135637193,1.0,0.2044879523165254,0.6760802135637193,0.2376587196701865,-0.04668321006509359,-0.003741801238793414,-0.008608073396480904,-0.006721779741692444,-0.0020364985962805803
0.1783356744206882,1.0,0.3674218050996454,0.1783356744206882,0.2453306764340959,0.007702601530290849,-0.0006591952627059073,-0.012916278695993242,0.0025466709635293227,-0.00021657102724930154
0.3809426569019408,1.0,0.2807034354228336,0.3809426569019408,0.2148117301478753,-0.006740703287650831,-0.00024400491507549306,-0.006508000688045286,-0.014504380992930237,-0.0006683107018398004
0.543729847292252,1.0,0.3684982327429945,0.543729847292252,0.2141421836505278,-0.051395437351930015,-0.0007777878707020136,-0.008267171136430988,-0.008506820615148172,0.03010459643413924
0.5946026214838348,0.7955120476834746,0.2805439306914038,0.2313489087361434,0.2987493657226777,-0.03361216376397351,0.007424252107812208,-0.007136342021640303,0.019404566834091384,-0.011046791645567282
0.1114672410538418,0.7499828207889345,0.1691624740306377,0.2428983900155225,0.2442212309154907,0.04638018764057051,-0.003053937338263495,0.006419939789993805,0.0029650184769889165,-0.021777517606878974
0.3412290765715492,0.4903871998506178,0.2779618091676161,0.2811002334438519,0.4825918047732097,0.003261564853492018,-0.005215919462552847,-0.01076351179917765,-0.0005115116684464738,0.0076223640851821985
0.0488176184545707,0.2682222628493697,0.1930802351055754,0.2478897391096503,0.9268361032930982,0.060012399094812284,-0.010436356539794361,0.020403338321757475,-0.001459414805212873,0.018519859973002893
0.610364223437346,0.7456109484387496,0.1373150811000069,0.4849072953497898,0.2891596372692648,-0.06057127733114612,-0.006466162280885328,0.00534835826323615,-0.005916027723978914,-0.01828451175133523
0.6308142018330376,1.0,0.3692875712541282,0.6308142018330376,0.2231788535691001,-0.029580113958363654,0.0023101947239956644,-0.002449739592593687,0.0031603517993062267,0.04271616852405714
0.2428983900155225,1.0,0.1691624740306377,0.2428983900155225,0.1831617276585455,0.007123897003475576,-0.005894390773610212,0.008229561977350386,-0.011287740739389847,-0.0003425315692584263
0.2744398933263265,0.2794817685809398,0.3215519533606266,0.2915863776175668,0.9338333486035796,0.001974474335293053,-0.01702093235160646,-0.04678541664261502,-0.0035218168022402097,-0.005102289498609025
0.4049645941822172,0.4843936353119411,0.3203638613238873,0.2299891823519627,0.5240056116107529,-0.002817638100059412,0.00013175148553273174,-0.015730702781493165,0.002189303811646823,0.004928846717011766
0.2825597908539308,0.6717838092702942,0.3723546849308538,0.0357938386893714,0.4056523187328282,0.003241967163994559,0.005937075260735582,-0.03287365450163634,0.04178932302093017,-0.008539477507729315
0.4642495287316791,0.6562912328094377,0.2969192447848889,0.3871645191400675,0.4100225182911529,-0.007517451160492783,0.0046238358140908535,-0.00705328070307587,0.0021146908709852143,-0.0015339973617665237
0.1653348490711478,0.1096592552713503,0.2119228021452423,0.5985605644532884,1.0,0.020898864872615375,-0.012572866990540206,-0.02220677207413246,0.008601881009835778,0.006910300674599057
0.5563990952600635,0.6477239591520411,0.237517877644518,0.2014159283459368,0.3864095105368417,-0.03050272603351914,0.003704473025536572,-0.004061334043890383,0.020671019353158043,-0.012520575437283696
0.2583105510667481,0.7030167341324501,0.3444252411008855,0.5003738820771736,0.367093470546745,0.01345460638844088,-0.0018327890460932395,-0.018949442698540223,0.001409206280732178,-0.0030224879825982496
0.3665221313490585,0.5159397703132739,0.249227203101392,0.0589121847802306,0.5536486117277057,0.002579702238108439,-0.004810071680549299,-0.010757195852547738,0.023071992734694503,-0.005985697969954344
0.1005707178925448,0.3653466349482783,0.3332105871674103,0.2548069434410852,0.7460087209838379,0.064343055819445,-0.011571141323329356,-0.015086437514200952,-0.003011762932474085,0.014084024070070882
0.0721555025729095,0.7843474724396403,0.2671070256395097,0.140241765145063,0.2845407952612162,0.04795068667346641,-0.0032171794858004434,-0.002381985286301642,-0.005154790011656587,-0.014879378291516332
0.394619206319455,0.4175734961424242,0.1662725482623013,0.4053313743622649,0.6427172126086979,0.00850989729839057,-0.003394517068809364,0.01376821669324272,-0.0066437366539321375,-0.01306787663113937
0.3253818074971508,1.0,0.1362441985424717,0.3253818074971508,0.2292855964621748,-0.0005956307081214618,-0.01424606994689384,0.0010936244657204952,-0.004850331331963389,-0.01679228052869803
0.2226679331994072,1.0,0.1281973665854508,0.2226679331994072,0.2485980769157669,0.020904750995250652,-0.005569045319025463,0.006174641411380435,0.0013578724815488386,-0.026141852999335243
0.3934413808486791,0.3585914930315645,0.2202396029378744,0.6312608986341105,0.7196848162887204,0.0007870668540999759,-0.0029574657561533967,-0.006054805060266517,0.001692606575015816,0.0017386421225819503
0.0837437084763797,0.4679255171920837,0.1908272817013332,0.4974105016014945,0.5012585328533464,0.06737248881090636,-0.011289341256506304,-0.001531527954630292,0.0003209500014418154,-0.0009414716635001241
0.3087088218103842,0.860214167488285,0.2042146036660031,0.6795679149427803,0.3034004852415361,0.0032652804972894954,-0.012637975077159353,-0.005567923924700153,0.014482142560118517,-0.008324740994212335
0.2815338439493854,0.5204647284971584,0.11928566869627,0.3680322697065739,0.4660926483654818,0.013676457960500557,-0.002654543421740527,0.0044858793069943205,0.0043909153499407695,0.0016544624460948399
0.4780773678554929,1.0,0.2883840579513949,0.4780773678554929,0.2156005913945413,0.0077014869767663184,-0.0009474622888046724,0.001953604839836771,0.005984022915927198,0.03368007267650683
0.4837360412279417,0.3898836506674871,0.1388195697524207,0.444440715012335,0.6069935053917497,-0.03206142400322278,-0.00265869925111474,0.006395807984172279,-0.014756422013124392,-0.020476418616271985
0.320934918248092,1.0,0.3060429761850597,0.320934918248092,0.2804895936674095,0.0017690294508793157,-0.002076576178478717,-0.00878404188366403,-0.0022590692973244587,-0.007032751551450929
0.5872378057300937,1.0,0.168922028341568,0.5872378057300937,0.2689555966912024,-0.05948025801524636,-0.01480281533771631,0.0011608052199881059,-0.009080153702125244,-0.02586624176783516
0.5941690211297209,1.0,0.2251762263952084,0.5941690211297209,0.2625211905594092,-0.0590682244389609,-0.00501648955829296,-0.005313365199326654,-0.008898338530707406,-0.021905373622394107
0.2214953325809557,0.4379169299590359,0.2258458323060528,0.3251376414495053,0.5843096838856373,0.01675614544827113,-0.0022237441467586904,-0.007048083499557834,0.001358433990026242,-0.0011500490310208987
0.2596675429138045,1.0,0.2878758090513554,0.2596675429138045,0.2625211905594092,0.007939824961067644,0.0015585687277052784,-0.0127350004402615,-0.0029585333634167908,-0.014055379238343449
0.6801066555443087,0.3730916956710493,0.1518917165221451,0.672114230641271,0.5968139530083169,-0.054178852997247305,-0.003988414694340463,0.01475595145362604,-0.008318551310057955,-0.02293806628253151
0.3618408305298716,0.3977967659466077,0.2332173282813302,0.4012029190021021,0.615576969779796,0.0036204795721641856,0.00047931860801327277,-0.004843120087662101,-0.00517543563451909,-0.010794566643926373
0.5053536634434896,0.42020941857603,0.3423155962509669,0.1330397338005002,0.7073954467392264,-0.017937289984729432,-0.0033609582576173123,-0.019991469786400557,0.012023026249626128,-0.008247038470253756
0.2984336736942605,0.441608429959739,0.3068729973038701,0.0619508254222915,0.6315078971567339,-1.9993876812804955e-05,-0.005649794532982924,-0.014721825261276536,0.008752402975333098,-0.014415954243813757
0.2651558882714918,0.6949686768963615,0.2506481980882974,0.4021551165024803,0.3405287917010427,0.01429929508940404,0.0033179256437142614,-0.006498782900107472,-5.56970420802827e-05,-0.002377121565186826
0.1470954155469301,0.3118806303394152,0.1981503293579865,0.3406246344373622,0.8025079907865454,0.020823628623256808,-0.006629936702101986,0.011618051409368491,-0.0037899038252362516,-0.006954910764125089
0.196136512570166,1.0,0.1798205701848238,0.196136512570166,0.2148117301478753,0.019243271459345124,-0.0020169712098140734,0.0045138429556391205,0.0011255741262357333,-0.0015316398944560205
0.0758271800064676,0.3839965496434064,0.325669698078097,0.0908727460102113,0.7221136093459022,0.04284301972209505,0.00028989854690735227,-0.015595223181753682,-0.007770117843356275,-0.00027975555243756387
0.2742761193811432,0.6325781949003546,0.2757586619160708,0.112076250463758,0.3878266408989028,0.0033075447703231477,-0.0005054938152170507,-0.0039046298903303977,0.014508033467973292,-0.0002323638569941977
0.1225565125596699,0.3257355557239795,0.1753350594448058,0.5887204996816529,0.8053528416068926,0.04477120984091016,-0.01558867975954854,0.007974842285511841,0.00025793825852815644,-0.008910712586239242
0.272762031123708,0.8931313375884783,0.1200511399097432,0.6315400354915828,0.1998374418419479,0.017363998568798708,-0.006333617413656611,-0.011950433695055836,0.012176331608498004,0.00016492523198394338
0.1270793088463805,1.0,0.2147172787527918,0.1270793088463805,0.2220136235388833,0.0479519431035078,0.005091713072470156,-0.0009021359927646699,0.0023622501348654623,0.006767913815638167
0.4410338129702448,0.4639445066721941,0.2477724160906037,0.4108899668993664,0.4847087659388753,0.02874187154116953,-0.006869774948918348,-0.005298827029819222,-0.004494670143722033,0.005803419943185872
0.2419633852098482,1.0,0.3963148486641246,0.2419633852098482,0.2791291716697872,-0.0047583679165472854,-0.0008014681655913592,-0.021696301713818686,-0.004051933297305368,-0.009489926066235057
0.4478461232355272,0.4605711312110659,0.2675776403160955,0.6473320146580079,0.5316758067873709,0.020795683980250033,-0.009903930635391588,-0.0040546725794047235,0.009940826184065372,-0.0029172434045904084
0.6103429564893661,0.6978626116254767,0.1372773591426789,0.5633957455177977,0.3222381677238861,-0.060016002130032574,-0.004801610182839795,0.005597594560495054,-0.014015685676586145,-0.01888764220087978
0.3156416803764179,0.4479398934253704,0.3201743525699186,0.226305387736785,0.4956326212455828,-0.0032047700546172565,-0.00235332079755608,-0.01037442239752636,0.002667221448973578,0.0038417090460279722
0.207347470643899,0.2122185664301408,0.379662117647771,0.4090572267932545,1.0,0.0009809252669947454,-0.041598392386567866,-0.0719003259297824,-0.011928735093461,-0.010676620018894028
0.0632374030501214,0.4330242934058549,0.3188058477972935,0.1857172531124361,0.5514461009629441,0.06799695239275025,0.007929651886297507,-0.00845037016299102,-0.0006898817384717404,0.00405708928090462
0.1009895181406746,0.7357223301824869,0.2221197705763566,0.3805673199818435,0.3315331358115165,0.053888710107530644,-0.005856695746406331,-0.006706733345909015,-0.005639852548520139,-0.009709229378895543
0.2907312836808486,0.4639445066721941,0.2595461123977184,0.8217160018159537,0.4847087659388753,0.010511301669612293,-0.0011023820561786124,-0.006957496417544462,0.0297306701927846,-0.00508258882095106
0.1555502670542264,0.7253095270999154,0.2109243551692203,0.2241571517829935,0.3823045528549564,0.027749824880775122,-0.005358547219002503,-0.003495513720827148,0.004150724262726726,-0.001819176786702883
0.7154333352783693,1.0,0.3899192338831866,0.7154333352783693,0.2331229720360558,-0.028853954394398897,-0.0009840544883627444,-0.0008834774114075117,-0.005395437136958208,0.00890068986609549
0.502906635558665,0.42020941857603,0.3891120775795902,0.5147760366193948,0.7073954467392264,-0.02867269388749264,-0.0007463392823410687,-0.019726505785401968,-0.005267565271460626,-0.0038632705551208345
0.4168041056708011,0.4917778022605162,0.1270669949853522,0.4073509122668784,0.5399609072609437,0.010221606556115148,-0.0071845045097143154,0.014516373327351175,-0.0034994087047016363,-0.004678963440965162
0.6212118783975284,0.5108029164528102,0.3992555094824553,0.3213693568778553,0.5464517971200232,-0.03389598289453716,-7.280861967956298e-05,0.062179498014993444,-0.008319826522783841,-0.011485560067976621
0.5419448587917108,0.8023571631248685,0.1362441985424717,0.3253818074971508,0.2857650021708496,-0.048466753268439786,-0.01020972209124011,0.007414092723065551,-0.0009508517547874362,-0.011338025074073811
0.280925524840708,0.2543273475719247,0.2905885958632306,0.4826909665265992,1.0,0.003840136614526273,-0.034121005661017986,-0.049679397879826864,0.0021159825201903003,-0.012103321395079547
0.6008540865528297,0.2212188791640342,0.390526972131664,0.1969763607442226,1.0,-0.02486823419098073,-0.02237372178800797,-0.06417737362211483,9.789937001187355e-05,-0.012204828514131804
0.6183871939361796,0.8927287271829167,0.1388195697524207,0.444440715012335,0.2650937923330659,-0.05544858417288197,-0.016288505576194438,0.0014453550177677243,-0.012260635944658134,-0.026241391535004367
0.3688411549573798,1.0,0.1293557111969656,0.3688411549573798,0.1831617276585455,-0.0024818360968492923,-0.01437616989329399,-0.004204544094172888,-0.007220315421800478,-0.01654192391972174
0.2583473005387025,1.0,0.1222773642138388,0.2583473005387025,0.2106201654793327,0.011942595614818856,-0.007862840548150417,0.00045512574914027934,0.005794896877960127,-0.008601230834901798
0.1704487458750077,0.6667761062659838,0.1270669949853522,0.4073509122668784,0.3982458066268115,0.015105404838977847,-0.0032563955970908863,0.013680989915701502,-0.006832095873396611,-0.0006544062712418963
0.074905873407011,0.5708173062793703,0.3476545311178874,0.5231340423999521,0.4355125084348751,0.07483549162348936,-0.004357659138331655,-0.007556796245153236,0.003756315780556179,-0.004077862561425718
0.7434278879020124,1.0,0.2594468344247365,0.7434278879020124,0.2264124923326894,-0.05117414918819122,0.0005856835909980873,-0.008634687699486675,-0.002061420227000781,-0.0004525355261648656
0.5375678172973539,0.8772621038715637,0.3172387928485113,0.4334696747273823,0.2441028544439206,-0.028875776685381424,-0.006770588073741237,-0.004586940490189591,-0.01775433744993279,-0.007930458869268478
0.2947306147401668,0.4072291076124633,0.1395444778133264,0.5170798088993981,0.6337288959970727,0.017265768408942676,-0.007258260675735073,0.012024908444582252,-0.0010024962673560367,-0.01935655978937575
0.3409864117764954,0.89573527359895,0.2993754117324821,0.4728716900890501,0.292867840696605,0.00900707729284477,-0.0012401254864016665,-0.00757050368392811,0.01278033051858074,-0.0023646740984986534
0.3367549924146953,0.3053348651352178,0.260087494483297,0.1975108912185331,0.7035283378226255,1.1460409041319508e-05,0.002741608314718178,-0.011838394782771502,-0.005433057002155692,0.00013954982554423623
0.3170293074112918,1.0,0.3875989202553422,0.3170293074112918,0.2387895582208926,-0.011358705482234655,-0.003830114390802919,-0.021239470786858873,-0.0036156830920481297,-0.006502720133230468
0.2785968761074682,1.0,0.2507441418896312,0.2785968761074682,0.2698439276000566,0.010404483692036592,0.0002081014882787713,-0.0035250041333711123,-0.004786326957764686,-0.01175515927716333
0.2508141299292185,1.0,0.1264517046306071,0.2508141299292185,0.2220136235388833,0.0012551087991596432,-0.009370275852234045,0.002785369427547266,-0.012216643671818019,-0.020518878826696892
0.389910135978567,1.0,0.3050850262288744,0.389910135978567,0.2366568438135903,-0.004365518728664028,-0.00040024076832196443,-0.006333755012528855,-0.0023333144167190767,-0.008634186900362693
0.1878416592208664,1.0,0.247593391931773,0.1878416592208664,0.2690941840089309,0.01764922541748092,-0.00034817534397006965,-0.00491146584492526,-0.0008695053174596979,-0.011080725792817247
0.4423426375391227,0.2957607182144071,0.111307922467836,0.4520033448423368,0.6034644587357663,0.01981368968834431,0.00011985643228399567,-0.012627172019019781,-0.012922139052006969,-0.007068440773782641
0.2793317288584585,0.2034998327847863,0.3646893035430925,0.5333697712687323,1.0,0.002616957193167764,-0.03526033756274046,-0.0697276440661517,0.012507402080645989,-0.017878919721770217
0.3804013050857893,0.695754656189898,0.1347040467112597,0.2349334845571593,0.3130233776908417,0.004739968737558229,0.003134646374564909,0.019435691827929986,0.00271203170013905,-0.004108239530942228
0.3004606161641604,0.7973608981894074,0.2332173282813302,0.4012029190021021,0.3071062655889697,0.011411858680439764,0.0021662177973485086,-0.0026756944078806556,-0.0022532215993487626,-0.0017022157929750391
0.7484733642817832,1.0,0.3417027039965201,0.7484733642817832,0.2609893958275897,-0.052111968674871605,0.00043006176267226695,-0.019539632739870284,-0.004108619598518999,-0.020658845658763313
0.3739207266388191,0.6318950671916684,0.3692875712541282,0.6308142018330376,0.3531897385446827,0.005856612769021012,-0.001148371203271381,-0.01810836926710181,0.0035605645934992936,-0.003950987823372998
0.3202764570815657,0.677066798612163,0.1192096404949736,0.2076661406607685,0.3526824217497569,0.0037484380576279365,-0.0002715249626999139,0.00438470719713223,0.00412022399596026,-0.011010059750478831
0.1498486907968156,1.0,0.2344665996602153,0.1498486907968156,0.2558791029125331,0.030755900225740332,0.004384227014670614,-0.007146068170841318,0.0018261781770524976,-0.012152559616715734
0.327984806424467,0.5159397703132739,0.3612149984890817,0.3302704838228211,0.5536486117277057,0.004554358877758204,-0.0017659798716340447,-0.018288734572088287,0.001505114915089507,0.0033712824126996568
0.3184813730917501,0.4657408662776039,0.1864183705694194,0.4389873662987404,0.5042856916085223,0.010043293288981658,-0.0037307455119480436,0.0030977564690510915,-0.007434685977459594,-0.005690551519692235
0.4833263333611872,0.6710841962614421,0.2795780695911322,0.530268882348916,0.3499806077532097,-0.02510175437979342,0.00329232275555114,-0.007867244904191465,-0.005486152392913937,-0.008882844483159714
0.3372579264693743,0.4597630441839822,0.2137471428911833,0.6224099649079656,0.516915664876891,0.008683437348663574,-0.005323520893125533,-0.006004282839312509,-0.0006390018971796962,-0.0033180208568956006
0.6512445597443894,0.2658547868185674,0.2499714258597216,0.440369979032554,0.805485529198574,-0.04154054513575829,-0.016978573806154598,-0.019260388423608676,-0.01032814218180647,-0.011958697290228883
0.3774975960292881,0.8653137753245714,0.2799024607227396,0.1758130968362408,0.2649739354677115,0.0015153061317687388,-0.0035550765809966834,-0.008582908088355908,0.00982980516513635,-0.004611690560850547
0.4348573983178738,1.0,0.2881358423417459,0.4348573983178738,0.2804895936674095,0.007792133449474932,-0.0008889843921861029,-0.009075161066466535,-0.013811574515239044,-0.01082635983795626
0.4834693946555783,0.6082958673387427,0.2012325829215723,0.6366696508253339,0.3544337599033522,-0.03064286876593542,-0.0008031662971916375,0.0008716864249072387,-0.006594988679462403,-0.01786167478574498
0.3763055706796627,0.1272382012430578,0.1691624740306377,0.2428983900155225,1.0,0.002306396491039777,0.00013698973489226774,0.06270373601022584,-0.01851869809703203,0.037156852485995845
0.2197710772521982,0.3584598118442488,0.2595461123977184,0.8217160018159537,0.627344996183029,0.01692179601319367,-0.011848439238183345,-0.0044929494672942384,0.03162641397868356,-0.015635317645646865
0.498924212310957,0.2941111361365305,0.1668729348934727,0.1467991912749555,0.6227636602427704,-0.016906364541791844,-0.0001231620511134679,0.014204114211370324,0.015273429425487848,-0.015026606875653669
0.195127212737753,0.2237725171896391,0.3832154158482198,0.0188883113136838,0.9950566429000448,0.0015241405755659799,-0.03701246159242146,-0.0594899004268882,0.07661056650762475,-0.016862004088325194
0.5026525984377281,0.2122185664301408,0.3895523544715825,0.1314399618787847,1.0,-0.006500404311154852,-0.016597662490057702,-0.08076687030719767,0.019376486620094512,-0.017013670881278812
0.2139365005448455,0.6318950671916684,0.2671070256395097,0.140241765145063,0.3531897385446827,0.012999559141353529,-0.0022227135976572755,0.0009604302477782767,0.0028887004324133158,-0.00508834809428663
0.1279913280867498,0.4397135203498378,0.3089061459508364,0.2381299604451011,0.4928192595714595,0.07081388283306296,0.006543575315117778,-0.005873603360141715,0.009778823342676332,0.016260517228220125
0.4682978258208851,1.0,0.348117547503708,0.4682978258208851,0.1784810817325586,-0.022440849277227243,-0.0003099587270298798,-0.012169105921202572,0.0025183230665970766,0.029530154562780807
0.1720236076851867,0.4818811069130079,0.3153261828366418,0.2138598857756335,0.4758136253380169,0.00846913089571899,-0.003716626711902791,-0.014775777303893846,0.002833839102058846,0.004840829080858384
0.2303354084369555,0.7514025555452397,0.2083296346272195,0.2679115522840253,0.3579380915147944,0.035841263993097526,-0.00023994014445634094,-0.0007147043682016374,0.0025870484527695226,-0.0040341197478483085
0.4974028099286235,0.1519212579344671,0.2968671483729229,0.5352585000099865,1.0,-0.004523514628308476,-0.022987935168075638,-0.05724378510250972,-0.0033870198332806465,-0.004353383300876885
0.2087476460437893,0.4597630441839822,0.2370121049187,0.3010030223407405,0.516915664876891,0.010571810184010245,-0.004224073564546416,-0.0057853014255124435,-0.0007737503948010272,0.0012087200784662855
0.2926529893564426,0.1347354326558689,0.1009491542404335,0.3542239613352295,1.0,-0.030670081855569152,0.01799370216795069,0.12150936165988241,-0.016769120338012727,0.064061056346236
0.2117926644710941,1.0,0.3396857212141054,0.2117926644710941,0.2725517758535142,0.006572534009610536,0.00023689402387390147,-0.015530380911040993,0.0005795316105286475,-0.008052189458649082
0.4817947667737646,0.5845217582205673,0.3215519533606266,0.2915863776175668,0.4465007369821574,-0.011453288194570633,0.0015212725881428924,-0.012778585571395525,0.0023655502622568748,-0.004229325092310319
0.2134681093796974,1.0,0.21667260220353,0.2134681093796974,0.2725106599176669,0.008612977322773076,0.00027978207137493885,-0.003955524861521553,0.003298096734797582,-0.012089178771529987
0.5879391130925655,0.412450302922783,0.2941836961540852,0.0534168403395264,0.7259904129533825,-0.035283385193542925,-0.0014240386534947903,-0.009886619530843745,0.03200760355715829,-0.0022551395097434577
0.5626096354396656,1.0,0.2698081454356859,0.5626096354396656,0.2791291716697872,-0.05411361192374898,-0.0038472894635560805,3.608149912906811e-05,-0.0114305830145895,-0.018494929017033427
0.460867027299736,1.0,0.37322972116107,0.460867027299736,0.2725106599176669,-0.01092313933015248,-0.0013131438638811232,-0.017149681373339262,-0.005617997408371593,-0.012214963078477012
0.3759515204309103,1.0,0.315842200287702,0.3759515204309103,0.2625211905594092,0.003004528407836915,-0.0013036447553895414,-0.011148287928590435,-0.007666607482024119,-0.011636965938741924
0.3036382367200174,0.4917778022605162,0.2545555874659383,0.6785120880587184,0.5399609072609437,0.0067205540770373775,-0.002743897741947876,-0.0026938114337826846,0.0276465947662291,-0.0019027629164338577
0.302116479498988,0.4070632844171704,0.2147814948963571,0.4193191499154553,0.5296488277080463,0.009583595793737914,-0.0011240237667698239,-0.005062346815702767,-0.009736615587935376,-0.004325168204341026
0.5067024688001098,0.2658547868185674,0.1250534420939155,0.4784576753544436,0.805485529198574,-0.03219468631534255,0.008587162724106747,0.027322586282098202,-0.0076980084852948496,-0.004707572252882528
0.1348124033324631,1.0,0.2841328462238032,0.1348124033324631,0.2691813771032402,0.03842617652979243,0.004216244078379532,-0.012271677765493223,0.0009505090594029753,-0.01629166973340034
0.2122995142269957,0.677066798612163,0.3875989202553422,0.3170293074112918,0.3526824217497569,0.005945601099956548,0.00634380010105815,-0.019652921575907385,0.002507296901821974,-0.0016991661603242391
0.603677889976188,0.3370834072441198,0.3215519533606266,0.2915863776175668,0.7742576176067251,-0.04451161910863448,-0.01033864877284941,-0.02059350136871217,-0.003598315841791191,-0.007872175684005923
0.3531830180877597,0.6325781949003546,0.354950457300608,0.1767697550038659,0.3878266408989028,-0.0004582532873973832,0.0013429904724398512,-0.020647283322541624,0.0020309465956597707,-0.0016438552627369063
0.4799273761421176,0.4072291076124633,0.3444252411008855,0.5003738820771736,0.6337288959970727,-0.021141621032948022,-0.003646307974249794,-0.022569662922105636,-0.004884006397587654,-0.01617557606448827
0.5870644871766747,1.0,0.1934638367893046,0.5870644871766747,0.2453306764340959,-0.05439926697399642,-0.009136621231264144,-0.001466139521307923,-0.00888085562748529,-0.015229115768343036
0.2286835672342697,0.7729353079943173,0.3354161751807093,0.7428029853918902,0.3038630172952075,0.04536680409146356,-0.004294687291767332,-0.02096684322172223,0.031847940682218905,-0.0004721736831561429
0.5654728462372626,0.638761574127397,0.1062709898817605,0.567594220810916,0.3544554048073232,-0.048936171024724896,-0.00162225744134048,-0.009193993559274532,-0.01985949371546667,-0.01978608730054475
0.5776868694563145,0.2794817685809398,0.3379031255631349,0.55844640504999,0.9338333486035796,-0.044779462058468195,-0.00924366780101991,-0.04776817614580068,-0.004404316912678041,-0.004052236465777241
0.5928985624780292,0.3668374527948239,0.1250534420939155,0.4784576753544436,0.5837522369077726,-0.04583049543536617,-0.005064075510836119,0.006846197973009112,-0.009036882823802444,-0.021452093085372326
0.2769326107533169,0.2657343208822714,0.3589485068207572,0.7775739125873757,0.9879084857680628,-0.00025069153794902375,-0.0333428754693341,-0.06769333036587341,0.028829940837204047,-0.01849706351556961
0.1862647122892057,1.0,0.2614425733056071,0.1862647122892057,0.2439163312119558,0.015448704101363547,-0.0008579048439059988,-0.00450727329509391,-0.0022066151143735626,-0.011841929741985951
0.4974105016014945,1.0,0.1908272817013332,0.4974105016014945,0.2345516582323472,-0.027396804739837535,-0.008722138436969545,0.0005107084961491637,-0.00047330574816442097,0.00038801996650363437
0.3749111697259405,0.3839965496434064,0.1361824110037972,0.4776387918978482,0.7221136093459022,0.007661851454868156,0.004273859162603913,0.015372613434774394,0.011019798847155472,0.0033253217628589483
0.2627096935156587,0.7100970357471168,0.1372773591426789,0.5633957455177977,0.3166862526846037,0.021609859721538668,-0.002726031388338015,0.010452619801781112,-0.0032953440320488882,-0.004874250721950375
0.1795746754806082,0.3227693854433893,0.2915055974004113,0.0574527932686243,0.6525407147583194,-0.0019521884365167352,-0.00859066046505177,-0.013578781704309222,0.0034072734282381135,-0.015685660117487715
0.233901148981877,0.470458113501566,0.3162944342843605,0.5025690936982445,0.4812596187310431,0.012107060157322849,-0.006297292499093601,-0.01445413553936305,0.0043710589644979335,0.0020712477502092953
0.6251672440022646,1.0,0.1741625321999108,0.6251672440022646,0.2804895936674095,-0.06481494270752591,-0.012289229784764757,-0.0005590527229651344,-0.007716420412070875,-0.022542852403130382
0.6232242725516279,0.6710841962614421,0.1821789699859595,0.7345660433259634,0.3499806077532097,-0.06704426600430452,-0.0006755316214184858,0.002115227068970853,0.002101308552100818,-0.01763734237791141
0.3590768557728604,1.0,0.1128172044831387,0.3590768557728604,0.2366568438135903,-0.0038458375981281277,-0.014146390919922851,-0.01709334691375261,-0.008389361132121848,-0.017904018363351495
0.4274355875320673,0.5521444527488594,0.1032445225178611,0.4236375817706744,0.3566989939932841,-0.0005884641085503972,-0.0008675064486305928,-0.00797537408885546,-0.011562079564246232,-0.005035884543249267
0.3892806736056659,0.7772781272088738,0.3832154158482198,0.0188883113136838,0.2864693112201508,0.024248919852507243,0.013510670727919205,-0.023284158580609074,0.12121439485559676,-0.0007719624465244123
0.4573946863160461,0.1274693387964025,0.1032445225178611,0.4236375817706744,1.0,-0.009295903971033113,0.07037573664507363,0.12051611197086459,-0.0004889769228429941,0.08840328760577904
0.2989808282477338,1.0,0.1524524052479718,0.2989808282477338,0.2231788535691001,-0.001475657560149557,-0.010625375098206859,0.009855794278046233,-0.005099516511509136,-0.011795557424084108
0.5596408251867276,0.2722234634946174,0.2137471428911833,0.6224099649079656,0.873028050629022,-0.03489142103349877,-0.0055331363118602895,-0.008201768081453337,-0.001552024728134711,0.009687101034814986
0.3542239613352295,1.0,0.1009491542404335,0.3542239613352295,0.2788792109705616,-0.015812177457337383,-0.01549754596548155,0.01093466072132287,-0.005024943547796284,-0.016807773262371484
0.0766295102084302,0.2212188791640342,0.3891120775795902,0.5147760366193948,1.0,0.056070335370859536,-0.047747757597098824,-0.0649242261717518,-0.001205765072572831,-0.012339722271899518
0.3996098511348468,0.8062415979908257,0.398634763520221,0.4820798964717517,0.2909198171079932,0.012175143390595621,0.004414256350464711,-0.009200952918290569,-0.0009114579497327214,-0.0069412063135678185
0.345542953695871,0.4639445066721941,0.1054846948279453,0.6378098944824334,0.4847087659388753,0.0141241706422079,-0.00354860867082607,0.0008487326137219497,-0.0052686381273815645,-0.009989618524905382
0.5296206527749332,0.4916069791485726,0.2968671483729229,0.5352585000099865,0.5544098993988124,-0.04808822288909141,-0.0029899718147862585,-0.008334417178411968,-0.010199160176871374,-0.01418066941174402
0.2882927893632613,0.3938636623182863,0.2035041431391399,0.3604071796131002,0.5955148460555444,0.016084727099187148,0.008631411616861442,0.0017354458615045586,0.0020388993798405863,-0.014724609141157998
0.4293472803785019,1.0,0.3523841860019797,0.4293472803785019,0.2439163312119558,0.0018845045001216931,0.0013070025456181611,-0.013925784184793883,-0.005262305851319979,-0.010666737481460586
0.0553364109109463,0.4048479290846253,0.3491678200263423,0.5481226978615072,0.6479767749037244,0.07927518817028613,-0.0099696863216559,-0.012637715166802082,0.0017230013027074165,-0.009167811859952054
0.3861607145865519,0.4916069791485726,0.3377862166787989,0.3189798510071081,0.5544098993988124,0.004127414994181891,-0.0005066563935724844,-0.016046255162054875,-0.001782822357126861,0.0025801174293883376
0.567594220810916,1.0,0.1062709898817605,0.567594220810916,0.2264124923326894,-0.03970946846206061,-0.01269940991034673,-0.03234414783111788,-0.010196842839995952,-0.0055197704957026875
0.4447526164368011,1.0,0.1288823909258898,0.4447526164368011,0.2788792109705616,0.010471106638397032,-0.014746262678963831,0.0026363693377788877,-0.014415753807152215,-0.01885019707820902
0.4549400522324555,0.6392644562531297,0.2027625125003309,0.0537671001073384,0.4263521507999998,0.005793019276279665,-0.006055070250404242,-0.002668855639240064,0.038840028762133445,-0.016617145730851917
0.121396957305094,0.6718044325279984,0.3257071944926936,0.3527163113739198,0.4006841337594504,0.05128961192367569,-0.002262067653464328,-0.010622944926890341,-0.0037130731760044,0.0043250083122256915
0.5963720465804254,1.0,0.3273755181155202,0.5963720465804254,0.2502866980189254,-0.0567441923552542,-0.001425960429769475,-0.008435938546790566,-0.009936604645554325,-0.022034607720270286
0.6058554751464791,0.3766647497922452,0.3766580116680778,0.2527419922628528,0.6475687766017164,-0.04530531667398464,-0.0035920862265629693,-0.031466783167816176,0.0004525912795543263,-0.013604577050300578
0.4298518757302957,0.4597630441839822,0.2044879523165254,0.6760802135637193,0.516915664876891,0.0025488912909349894,-0.005494824739198521,-0.011430253435428313,0.0020285393451558776,-0.003333607538843353
0.3689817968770415,0.2460239239277994,0.1798205701848238,0.196136512570166,0.8731335014838475,0.008855427573507768,0.013616300387457158,0.06774259576579425,-0.006386951032964134,0.03453531446013585
0.4348573983178738,1.0,0.2881358423417459,0.4348573983178738,0.2804895936674095,0.007792133449474932,-0.0008889843921861029,-0.009075161066466535,-0.013811574515239044,-0.01082635983795626
0.3071051852878281,0.1759369824063897,0.295054601580957,0.5556851431668722,1.0,-0.0006325267615466146,-0.034007387944238875,-0.056233584137626164,0.0017569058786284586,-0.008380893262656173
0.4630533819640254,0.1096592552713503,0.2983041438889298,0.3237590235110894,1.0,-0.013042242959199939,-0.029619404231034423,-0.048181338520807915,-0.0062683578738688085,-0.00735578386222187
0.6785120880587184,1.0,0.2545555874659383,0.6785120880587184,0.2655407882793813,-0.06827487351998571,-0.003668113783242006,-0.005172410206250788,0.00392714946414344,-0.022499801778394612
0.4974105016014945,1.0,0.1908272817013332,0.4974105016014945,0.2345516582323472,-0.027396804739837535,-0.008722138436969545,0.0005107084961491637,-0.00047330574816442097,0.00038801996650363437
0.2858989253373249,0.4394556407561877,0.3684982327429945,0.543729847292252,0.4872896460767813,0.016999488880173885,-0.00034016871757557964,-0.022483642350616718,0.00026579286601190687,-0.0025191266740876017
0.1432865991538519,0.1832683824607423,0.2545555874659383,0.6785120880587184,1.0,0.050236392186634476,-0.0316982950415877,-0.031823840117867805,0.06303379960019811,0.010776718373017502
0.4653098830346774,0.3453301953047194,0.3612149984890817,0.3302704838228211,0.8271774129597861,-0.01041876115836203,-0.003551347398333746,-0.04425006049885269,0.005412704772570578,-0.014272848058317323
0.0785697104588605,0.3257355557239795,0.3250914991967655,0.4296525836087603,0.8053528416068926,0.05441024445259245,-0.0213543585010666,-0.017669168088123115,-0.01711091148088599,-0.01564440202073456
0.613793233030788,1.0,0.2568227632038748,0.613793233030788,0.2772891344393731,-0.06259622814977775,-0.003976229179861548,-0.005113117552973563,-0.00787275688162481,-0.020041732192912606
0.1949523523814034,0.6841508475402412,0.3089061459508364,0.2381299604451011,0.3167419762782956,0.013089419004681985,0.005756406229847926,-0.017408746615819835,-0.0015634552963092573,-0.0035355742393585387
0.4201190297156279,1.0,0.2227595723355038,0.4201190297156279,0.2106201654793327,-0.005547658345167292,-0.0012615834277312388,-0.0026758608235104477,-0.019716613263626642,-0.0014407915317497099
0.3389264773235367,0.424962650175027,0.111307922467836,0.4520033448423368,0.4199923961765784,0.014527333951227774,0.003946040824303054,-0.002791846244981571,-0.012682236531036324,-0.006650363086755533
0.4763345844456647,0.3668374527948239,0.2433055663953009,0.3849636998012429,0.5837522369077726,0.0004897559887831449,0.006207903097511007,-0.004138027058215812,-0.0009626555481736432,-0.015604395945047145
0.6359079362035185,0.5521444527488594,0.2704721143127176,0.6552621996903102,0.3566989939932841,-0.05993183003389277,-0.0020938681804545923,-0.0014124097202147822,-0.004738091277595231,-0.01475991088869705
0.7037676753881641,0.2122185664301408,0.2162924666078966,0.3167913986329972,1.0,0.01242154187082633,-0.01663112867063319,-0.016163458259397884,0.0019256237935405807,0.01854350254363453
0.2992308307743608,1.0,0.3207467445377564,0.2992308307743608,0.2698439276000566,0.004887047368829372,-0.0014057585773116442,-0.013479202183298185,-0.004417922723587253,-0.010228505621053046
0.2224456385645889,0.2206971913456278,0.1181867172443743,0.1846232380106905,0.9868157868109032,0.0029933986035757696,0.0073235476697846025,0.07749953995207762,-0.008600826252968546,0.06339663054186531
0.4376607435592263,0.5082640069217188,0.3090181915493051,0.384354160978702,0.5381995210029337,0.013342025097408623,-0.003271936475539405,-0.01067835655530871,-0.004692009027894528,0.005146939022670267
